0,1,2,3,4,5,6,7,8,9,10,11,12,13,14,15,16,17,18,19,20,21,22,23,24,25,26,27,28,29,30,31,32,33,34,35,36,37,38,39,40,41,42,43,44,45,46,47,48,name
0.46153846153846156,2.3846153846153846,0.3076923076923077,1.5384615384615385,0.23076923076923078,1.0769230769230769,0.9995110630989075,0.00974985770881176,0.0,0.02970932424068451,0.0,0.0,0.0,0.0,0.0,0.0,0.0,0.0,0.0,0.0,0.0,0.0,0.0,0.0,0.0,0.0,0.0,0.0,0.0,0.0,0.0,0.0,0.0,0.0,0.0,0.0,0.0,0.0,-1.7187346650111566,0.022787638229171594,0.013849007648415979,0.01740826606587298,2.737710542155567,6.782383548995195,10.091805830310575,12.604335836768033,-24.350264550571705,16.336587003529935,-23.99028267430503,ISIC_0001769.jpg
0.43902439024390244,2.780487804878049,0.14634146341463417,1.4634146341463414,0.14634146341463417,1.024390243902439,0.9998762011528015,0.002998176496475935,0.014022720977663994,0.006480433512479067,0.0,0.0,0.0,0.0,0.0,0.0,0.0,0.0,0.0,0.0,0.0,0.0,0.0,0.0,0.0,0.0,0.0,0.0,0.0,0.0,0.0,0.0,0.0,0.0,0.0,0.0,0.0,0.0,-1.4357901257319756,0.041054989330128994,0.008729217323669073,0.010463320815316203,2.4592897765621875,6.838089661280787,9.13799156420867,10.22474384056343,19.91935474308239,15.068688967432804,20.520080178038498,ISIC_0001852.jpg
0.4421052631578947,2.1473684210526316,0.3157894736842105,1.5789473684210527,0.25263157894736843,1.263157894736842,0.9995947480201721,0.026354247704148293,0.0,0.010756835341453552,0.0,0.0,0.0,0.0,0.0,0.0,0.0,0.0,0.0,0.0,0.0,0.0,0.0,0.0,0.0,0.0,0.0,0.0,0.0,0.0,0.0,0.0,0.0,0.0,0.0,0.0,0.0,0.0,-1.769684739321775,0.017439442965214044,0.012259221760783163,0.01637742245799192,2.863812925625904,6.616533657405474,11.39316015312817,12.410410285363502,-24.618513255213543,-15.790272050261596,24.372930519766708,ISIC_0001871.jpg
0.4,2.24,0.24,1.6,0.24,1.28,0.9997894763946533,0.015571431256830692,0.0,0.013358153402805328,0.0,0.0,0.0,0.0,0.0,0.0,0.0,0.0,0.0,0.0,0.0,0.0,0.0,0.0,0.0,0.0,0.0,0.0,0.0,0.0,0.0,0.0,0.0,0.0,0.0,0.0,0.0,0.0,-1.6062687140651675,0.01865502990219238,0.00947495143242797,0.012779631130780072,2.805884798806756,8.039849721428437,11.065706601336993,11.781735416455177,-23.377926625954935,-15.859487067863904,-23.33603363882852,ISIC_0003462.jpg
0.556701030927835,2.3505154639175254,0.37113402061855666,1.4845360824742266,0.24742268041237112,0.9896907216494845,0.9991409182548523,0.013915701769292355,0.0049825627356767654,0.03871564194560051,0.0,0.0,0.0,0.0,0.0,0.0,0.0,0.0,0.0,0.0,0.0,0.0,0.0,0.0,0.0,0.0,0.0,0.0,0.0,0.0,0.0,0.0,0.0,0.0,0.0,0.0,0.0,0.0,-1.7987337709896962,0.018628065631406447,0.019112572472697653,0.025106777182253213,2.607411145971875,5.646654722007566,9.147975062491158,10.039461573643665,19.787061057733933,13.275500634957183,-19.780380107380697,ISIC_0003539.jpg
0.9064748201438848,1.9856115107913668,0.5179856115107914,1.2517985611510791,0.3884892086330935,0.9496402877697842,0.988519012928009,0.04347861185669899,0.14179643988609314,0.02886950597167015,0.0,0.0,0.0,0.0,0.0,0.0,0.0,0.0,0.0,0.0,0.0,0.0,0.0,0.0,0.0,0.0,1.835315015341621e-05,0.0,0.00011011889728251845,0.0,0.0,0.0,0.0,0.0,0.0,0.0,0.0,0.0,-1.9178734696106539,0.01684780180544427,0.06504636526356415,0.0878618597110854,2.5072924552642806,6.292517356973675,9.431179696293043,10.3952046939369,-20.9968317816841,-13.899737355200342,-20.31771152466802,ISIC_0003582.jpg
0.5399999999999999,2.28,0.36,1.5,0.24,1.0799999999999998,0.9988711476325989,0.018392376601696014,0.0,0.043795228004455566,0.0,0.0,0.0,0.0,0.0,0.0,0.0,0.0,0.0,0.0,0.0,0.0,0.0,0.0,0.0,0.0,0.0,0.0,0.0,0.0,0.0,0.0,0.0,0.0,0.0,0.0,0.0,0.0,-1.7159662399218387,0.014769969645168364,0.01761372215021795,0.026928002497353613,2.763441654100785,7.167471137800519,10.759232612951834,12.777169970351725,25.434870331036375,16.591836958762734,24.549013711471524,ISIC_0003657.jpg
0.4,2.5,0.2,1.6,0.2,1.1,0.9998219609260559,0.006831712555140257,0.0002970309869851917,0.017587361857295036,0.0,0.0,0.0,0.0,0.0,0.0,0.0,0.0,0.0,0.0,0.0,0.0,0.0,0.0,0.0,0.0,0.0,0.0,0.0,0.0,0.0,0.0,0.0,0.0,0.0,0.0,0.0,0.0,-1.6250311137196838,0.028871921550735927,0.009368509939576405,0.011077113427541713,2.687300066705903,6.008526613966011,9.792291055158893,11.073346893814636,21.52409372486235,14.083122697921725,22.056681101059596,ISIC_0003805.jpg
0.4736842105263158,2.368421052631579,0.31578947368421056,1.5789473684210527,0.15789473684210528,1.105263157894737,0.9996246695518494,0.013592262752354145,0.0,0.023782504722476006,0.0,0.0,0.0,0.0,0.0,0.0,0.0,0.0,0.0,0.0,0.0,0.0,0.0,0.0,0.0,0.0,0.0,0.0,0.0,0.0,0.0,0.0,0.0,0.0,0.0,0.0,0.0,0.0,-1.531872818646025,0.015468573552970998,0.011282156417500912,0.016418737353380036,2.7471717025667415,6.792319550649558,10.298904858945521,11.549211457594303,-22.8711337539327,-15.749977244965137,22.511144427382845,ISIC_0004337.jpg
0.6190476190476191,2.142857142857143,0.38095238095238093,1.4761904761904763,0.2857142857142857,1.0952380952380953,0.9983978867530823,0.030355526134371758,0.0,0.047750819474458694,0.0,0.0,0.0,0.0,0.0,0.0,0.0,0.0,0.0,0.0,0.0,0.0,0.0,0.0,0.0,0.0,0.0,0.0,0.0,0.0,0.0,0.0,0.0,0.0,0.0,0.0,0.0,0.0,-1.8973666278428611,0.01487209376240359,0.025270902699399578,0.03351136062642751,2.7626822170414833,6.408194058571814,10.531967698371043,11.284434148573558,22.30649304112097,14.610022585234178,22.387277682415334,ISIC_0006651.jpg
0.36585365853658536,2.1219512195121952,0.29268292682926833,1.6097560975609757,0.21951219512195122,1.3902439024390245,0.999517023563385,0.03107372112572193,0.0,0.0,0.0,0.0,0.0,0.0,0.0,0.0,0.0,0.0,0.0,0.0,0.0,0.0,0.0,0.0,0.0,0.0,0.0,0.0,0.0,0.0,0.0,0.0,0.0,0.0,0.0,0.0,0.0,0.0,-1.6057901155567251,0.015574563840089841,0.009442236100761248,0.013746336575464153,2.865819093098457,6.8022368284303365,10.085589734637908,11.654834170205687,-22.83235012241636,-15.270362602127873,22.585463802812505,ISIC_0006671.jpg
0.3157894736842105,2.3157894736842106,0.21052631578947367,1.5789473684210527,0.21052631578947367,1.368421052631579,0.9999403357505798,0.010333701968193054,0.0,0.003542541526257992,0.0,0.0,0.0,0.0,0.0,0.0,0.0,0.0,0.0,0.0,0.0,0.0,0.0,0.0,0.0,0.0,0.0,0.0,0.0,0.0,0.0,0.0,0.0,0.0,0.0,0.0,0.0,0.0,-1.6315942080458201,0.03288574173371843,0.004772106496404464,0.006379950074552675,2.8640527170595607,6.799030530295789,10.282084217216616,11.999831539192629,-23.270427289240825,-15.399743629526064,23.31440432260053,ISIC_0006815.jpg
0.6666666666666666,1.8333333333333333,0.5,1.4333333333333333,0.4,1.1666666666666667,0.9941274523735046,0.10455270856618881,0.0,0.027917394414544106,0.0,0.0,0.0,0.0,0.0,0.0,0.0,0.0,0.0,0.0,0.0,0.0,0.0,0.0,0.0,0.0,0.0,0.0,0.0,0.0,0.0,0.0,0.0,0.0,0.0,0.0,0.0,0.0,-1.8524244878364702,0.007584032483461957,0.03175111174135392,0.05523694712511482,2.863923179535245,7.30352828925957,10.393865225344264,12.321196062335204,-23.77910046963413,16.153911050101346,-23.894550880747012,ISIC_0006914.jpg
0.8155339805825242,1.8058252427184465,0.5825242718446602,1.3106796116504853,0.4368932038834951,1.0485436893203883,0.9898925423622131,0.09861506521701813,0.0,0.10192100703716278,0.0,0.0,0.0,0.0,0.0,0.0,0.0,0.0,0.0,0.0,0.0,0.0,0.0,0.0,0.0,0.0,0.0,0.0,0.0,0.0,0.0,0.0,0.0,0.0,0.0,0.0,0.0,0.0,-2.018237104820344,0.009613861990112566,0.053861657021122895,0.08148749012474882,2.7951114825625973,7.277295514075559,11.885169694476355,13.763830181854559,27.498450547717074,17.44127655544798,-26.59164005291273,ISIC_0007141.jpg
0.582089552238806,2.238805970149254,0.35820895522388063,1.4776119402985075,0.26865671641791045,1.0746268656716418,0.9986867308616638,0.026128431782126427,0.0,0.044069305062294006,0.0,0.0,0.0,0.0,0.0,0.0,0.0,0.0,0.0,0.0,0.0,0.0,0.0,0.0,0.0,0.0,0.0,0.0,0.0,0.0,0.0,0.0,0.0,0.0,0.0,0.0,0.0,0.0,-1.9839741932513022,0.015863493791885504,0.023430477462968165,0.030226075628652014,2.807645105986296,6.721339602328374,11.790574123133739,11.320521217473605,23.2298475048937,14.841560884938076,-22.92346362577186,ISIC_0007156.jpg
0.5882352941176471,2.3529411764705883,0.35294117647058826,1.5294117647058822,0.23529411764705882,0.9411764705882353,0.9985184669494629,0.011875327676534653,0.0011696629226207733,0.053089700639247894,0.0,0.0,0.0,0.0,0.0,0.0,0.0,0.0,0.0,0.0,0.0,0.0,0.0,0.0,0.0,0.0,0.0,0.0,0.0,0.0,0.0,0.0,0.0,0.0,0.0,0.0,0.0,0.0,-1.7718764604950012,0.015451146050269817,0.02075599927444877,0.028574287179144925,2.714475543653136,6.31680413028495,12.000138212950548,10.904998793747511,-22.758500211605842,14.065035493707256,-22.394862224219292,ISIC_0007235.jpg
0.5217391304347826,1.9826086956521738,0.3652173913043478,1.5652173913043477,0.31304347826086953,1.2521739130434781,0.9989582896232605,0.040044546127319336,0.001215435448102653,0.02184542641043663,0.0,0.0,0.0,0.0,0.0,0.0,0.0,0.0,0.0,0.0,0.0,0.0,0.0,0.0,0.0,0.0,0.0,0.0,0.0,0.0,0.0,0.0,0.0,0.0,0.0,0.0,0.0,0.0,-1.8500550572630698,0.015496294825406527,0.020164934333147512,0.027332453604836125,2.7688162451614797,6.228631926098675,10.468180176899512,11.930619105354891,-23.370670409465042,-15.047574314674032,-23.217026360961366,ISIC_0007241.jpg
0.6538461538461539,2.076923076923077,0.4230769230769231,1.4230769230769231,0.3076923076923077,1.1153846153846154,0.9976037740707397,0.04243876785039902,0.0016226095613092184,0.05461670458316803,0.0,0.0,0.0,0.0,0.0,0.0,0.0,0.0,0.0,0.0,0.0,0.0,0.0,0.0,0.0,0.0,0.0,0.0,0.0,0.0,0.0,0.0,0.0,0.0,0.0,0.0,0.0,0.0,-1.9590630316438504,0.012103342566580405,0.03233371451087686,0.041804411174192216,2.824753400658329,7.407392707461508,11.486943594648233,11.386460032959905,22.946902610086955,15.349872693668832,-23.004222844972503,ISIC_0007332.jpg
0.7027027027027027,2.2162162162162162,0.43243243243243246,1.4054054054054055,0.2702702702702703,0.972972972972973,0.9980396628379822,0.023915650323033333,0.018534211441874504,0.054783716797828674,0.0,0.0,0.0,0.0,0.0,0.0,0.0,0.0,0.0,0.0,0.0,0.0,0.0,0.0,0.0,0.0,0.0,0.0,0.0,0.0,0.0,0.0,0.0,0.0,0.0,0.0,0.0,0.0,-1.752060928990699,0.014217626756816926,0.032995548861807784,0.04121895331222524,2.6567413364527424,7.604143428419624,9.610915830098271,11.010729597754139,22.21838939787702,-15.267856566146703,-21.325072742528967,ISIC_0007344.jpg
0.379746835443038,2.278481012658228,0.3037974683544304,1.5949367088607596,0.2278481012658228,1.2151898734177216,0.9997691512107849,0.01776885613799095,0.0,0.012081565335392952,0.0,0.0,0.0,0.0,0.0,0.0,0.0,0.0,0.0,0.0,0.0,0.0,0.0,0.0,0.0,0.0,0.0,0.0,0.0,0.0,0.0,0.0,0.0,0.0,0.0,0.0,0.0,0.0,-1.6715919509378163,0.018988451264681613,0.009783749704638158,0.013266176454025197,2.7851599267006084,6.146793058574601,11.454092463335735,11.63686383579874,-23.28678145466387,14.774210047851255,-23.391417595924864,ISIC_0007528.jpg
0.48,2.04,0.36,1.5599999999999998,0.3,1.26,0.9993462562561035,0.029718132689595222,0.00027234945446252823,0.020586414262652397,0.0,0.0,0.0,0.0,0.0,0.0,0.0,0.0,0.0,0.0,0.0,0.0,0.0,0.0,0.0,0.0,0.0,0.0,0.0,0.0,0.0,0.0,0.0,0.0,0.0,0.0,0.0,0.0,-1.7379537570009216,0.01575575420247956,0.016457752674884456,0.022030560532464157,2.7883379819428136,6.639414203026732,10.551076905449337,11.111287001912121,-23.311480353596533,15.603932267146657,21.94286626492714,ISIC_0007796.jpg
0.6835443037974683,2.0126582278481013,0.4936708860759494,1.4430379746835444,0.34177215189873417,1.0253164556962027,0.9963772892951965,0.050131119787693024,0.0,0.06869631260633469,0.0,0.0,0.0,0.0,0.0,0.0,0.0,0.0,0.0,0.0,0.0,0.0,0.0,0.0,0.0,0.0,0.0,0.0,0.0,0.0,0.0,0.0,0.0,0.0,0.0,0.0,0.0,0.0,-1.9642258231456093,0.01209858029175615,0.03468282152920455,0.05007498172581268,2.7586192973851915,6.077163197641664,10.965481286736125,11.914763078124558,23.41965783898782,15.827265559736148,23.64914867207313,ISIC_0008025.jpg
0.3614457831325301,2.3132530120481927,0.2891566265060241,1.6626506024096386,0.21686746987951808,1.1566265060240963,0.9997845888137817,0.01472973357886076,0.0,0.01461981050670147,0.0,0.0,0.0,0.0,0.0,0.0,0.0,0.0,0.0,0.0,0.0,0.0,0.0,0.0,0.0,0.0,0.0,0.0,0.0,0.0,0.0,0.0,0.0,0.0,0.0,0.0,0.0,0.0,-1.826004098582982,0.02421384459985295,0.00948060535871831,0.013183756231835222,2.6450982279919346,5.492869194736026,8.906209842480143,9.317504251630172,18.443200466372204,12.120449412276221,-19.03406630602452,ISIC_0008524.jpg
1.7735124760076777,0.49520153550863727,1.5316698656429943,0.48368522072936665,1.2322456813819578,0.48368522072936665,0.08971406519412994,0.9868742227554321,0.0006454249378293753,0.0867607519030571,0.0,0.10123392194509506,0.0,0.0,0.0,0.015940040349960327,0.0,0.0,0.0,0.0006063082255423069,0.0,0.0,0.0,0.0,0.0,0.0,0.0,0.0,0.0,0.0,0.0,0.0,0.0,0.0,0.0,0.0,0.0,0.0,-2.2364378054746727,0.02271970988345891,0.4251810024889261,1.1393365014532961,2.897568047650891,8.031762337393472,11.031626702621441,11.421430257726959,22.881491984810623,-15.591720200386346,22.73856238985438,ISIC_0009995.jpg
1.3141592920353984,0.9026548672566372,1.1017699115044248,0.7831858407079646,1.1150442477876108,0.7831858407079646,0.6208319664001465,0.5558879971504211,0.0,0.0,0.0,0.010906626470386982,0.0,0.0,0.0,0.005715772043913603,0.0,0.0,0.0,0.016855694353580475,0.0,0.0,0.00040826943586580455,0.008777792565524578,0.0,0.0,0.16456173360347748,0.5272216200828552,0.0,0.0,0.0,0.0,0.0,0.0,0.0,0.0,0.0,0.0,-2.322468196342217,0.012386647109078172,0.31855082147398667,0.512477759459668,2.851405381316306,6.979328798504002,9.998319665312847,11.20889459211093,22.056952609045627,-15.465625990795882,-21.897661072661005,ISIC_0010459.jpg
0.25531914893617025,2.425531914893617,0.12765957446808512,1.6595744680851063,0.12765957446808512,1.4042553191489362,0.9999511241912842,0.006952942814677954,0.006285584531724453,0.0030729523859918118,0.0,0.0,0.0,0.0,0.0,0.0,0.0,0.0,0.0,0.0,0.0,0.0,0.0,0.0,0.0,0.0,7.759980508126318e-05,3.1039922760101035e-05,0.0007449581753462553,0.0,0.0,0.0,0.0,0.0,0.0,0.0,0.0,0.0,-1.5820985411902106,0.042367611632301766,0.00676377407553364,0.007718839855292399,2.60380204784688,6.113801823934673,10.018969557431959,12.19468850186273,23.35488320049203,15.275764554737018,23.632400359602734,ISIC_0012099.jpg
0.3461538461538462,2.307692307692308,0.23076923076923078,1.6153846153846154,0.23076923076923078,1.2692307692307694,0.9999104738235474,0.008108182810246944,0.010041672736406326,0.003508348250761628,0.0,0.0,0.0,0.0,0.0,0.0,0.0,0.0,0.0,0.0,0.0,0.0,0.0,0.0,0.0,0.0,0.0002962605212815106,0.0,1.559265911055263e-05,0.0,0.0,0.0,0.0,0.0,0.0,0.0,0.0,0.0,-1.6211170710432323,0.04050662371937923,0.00957017358902073,0.011097621599880729,2.5628129995452906,5.777072343658002,9.975846321197643,10.261826815972176,20.388678667051295,13.207812154371084,21.101076439630177,ISIC_0012109.jpg
0.29268292682926833,2.4878048780487805,0.14634146341463417,1.6097560975609757,0.14634146341463417,1.3170731707317074,0.9999634623527527,0.004443800542503595,0.004985727369785309,0.005341850686818361,0.0,0.0,0.0,0.0,0.0,0.0,0.0,0.0,0.0,0.0,0.0,0.0,0.0,0.0,0.0,0.0,0.0,0.0,0.0,0.0,0.0,0.0,0.0,0.0,0.0,0.0,0.0,0.0,-1.4353240243002667,0.0374305351931398,0.005923396437254422,0.006636676430924759,2.6371425909710866,6.562796258684946,10.288310239344318,10.846811702568525,-22.289567188261078,15.594877214938055,-21.418265384702256,ISIC_0012126.jpg
0.3,2.6999999999999997,0.15,1.5,0.15,1.2,0.9999331831932068,0.003733299672603607,0.006719939410686493,0.008617700077593327,0.0,0.0,0.0,0.0,0.0,0.0,0.0,0.0,0.0,0.0,0.0,0.0,0.0,0.0,0.0,0.0,0.0,0.0,0.00043555162847042084,0.0,0.0,0.0,0.0,0.0,0.0,0.0,0.0,0.0,-1.2798384013735746,0.029190449268201118,0.006886747954633597,0.008790094204658183,2.4995246994835716,5.475979509935088,9.050477275550673,9.766712099755912,19.36549231677243,-12.978265844229501,-19.292291330918726,ISIC_0012127.jpg
0.8426966292134831,1.6853932584269662,0.5730337078651685,1.2134831460674156,0.5393258426966292,1.146067415730337,0.9948340058326721,0.0985165685415268,0.016275297850370407,0.0,0.0,0.0,0.0,0.0,0.0,0.0,0.0,0.0,0.0,0.0,0.0,0.0,0.0,0.0,0.0,0.0,0.006935594137758017,0.01693253591656685,0.0,0.0,0.0,0.0,0.0,0.0,0.0,0.0,0.0,0.0,-1.8992136184819952,0.011032001186712827,0.06884513213322016,0.0962636002949375,2.687955061897448,6.174790583890062,9.332715323027816,10.292927250628075,20.167426502313013,13.388369300800173,-20.409170197887125,ISIC_0012143.jpg
1.0543933054393304,1.7322175732217573,0.702928870292887,1.1799163179916317,0.47698744769874474,0.8535564853556484,0.9660869836807251,0.11294254660606384,0.009531102143228054,0.23201079666614532,0.0,0.0,0.0,0.0,0.0,0.0,0.0,0.0,0.0,0.0,0.0,0.0,0.0,0.0,0.0,0.0,0.0,0.0,0.0,0.0,0.0,0.0,0.0,0.0,0.0,0.0,0.0,0.0,-2.1371116918936583,0.011166019151372008,0.09881416329848133,0.13822122009359222,2.7250813114687724,6.2289824875008,9.902508753244817,11.593635264572194,22.55329934251535,14.708517935226132,22.44460694831656,ISIC_0012151.jpg
0.48387096774193544,1.9354838709677418,0.3870967741935484,1.5,0.3387096774193548,1.3548387096774193,0.9980236291885376,0.06283984333276749,0.0,0.0,0.0,0.0,0.0,0.0,0.0,0.0,0.0,0.0,0.0,0.0,0.0,0.0,0.0,0.0,0.0,0.0,0.0,0.0,0.0,0.0,0.0,0.0,0.0,0.0,0.0,0.0,0.0,0.0,-1.688487707928167,0.009768687352868196,0.014391320124088275,0.027156319199420263,2.8843866501537017,7.603832317861397,9.578764531097876,11.808565301001376,-22.518899110565872,-15.611409768795735,23.067935123312882,ISIC_0012159.jpg
0.3380281690140845,2.112676056338028,0.2535211267605634,1.6901408450704225,0.16901408450704225,1.436619718309859,0.9997653365135193,0.02166423201560974,0.0,0.0,0.0,0.0,0.0,0.0,0.0,0.0,0.0,0.0,0.0,0.0,0.0,0.0,0.0,0.0,0.0,0.0,0.0,0.0,0.0,0.0,0.0,0.0,0.0,0.0,0.0,0.0,0.0,0.0,-1.701803348221143,0.024794469970191677,0.007159893491692351,0.009809244331290181,2.744135897552464,5.763243540807784,9.989042004082211,10.524625129648717,20.782511884235934,13.40951314654341,-21.93910934166537,ISIC_0012160.jpg
0.46153846153846156,2.5384615384615388,0.23076923076923078,1.5,0.23076923076923078,1.0384615384615385,0.9996147751808167,0.0038090236485004425,0.024774525314569473,0.011919070035219193,0.0,0.0,0.0,0.0,0.0,0.0,0.0,0.0,0.0,0.0,0.0,0.0,0.0,0.0,0.0,0.0,0.0,0.0,0.0,0.0,0.0,0.0,0.0,0.0,0.0,0.0,0.0,0.0,-1.5055439776701955,0.030567233553813192,0.014489445329843356,0.017893399568141895,2.3934727359936083,5.173213066921649,8.996939301164124,8.843273986379456,17.768001143268123,11.466309961683967,-18.60171884428923,ISIC_0012191.jpg
0.6233766233766234,2.4935064935064934,0.3116883116883117,1.4025974025974026,0.23376623376623376,0.935064935064935,0.9990285038948059,0.010399076156318188,0.036690156906843185,0.02208581380546093,0.0,0.0,0.0,0.0,0.0,0.0,0.0,0.0,0.0,0.0,0.0,0.0,0.0,0.0,0.0,0.0,0.0,0.0,0.0,0.0,0.0,0.0,0.0,0.0,0.0,0.0,0.0,0.0,-1.697618183497568,0.024793192813147596,0.02454300931469811,0.02984827858892716,2.485732495036782,5.775554156342049,10.062129893695296,11.54461984650922,22.362120436467144,-14.450508297405552,22.948391153840905,ISIC_0012201.jpg
0.4285714285714286,2.4,0.2571428571428572,1.542857142857143,0.17142857142857143,1.2,0.9997634291648865,0.016107963398098946,0.00042472168570384383,0.014613572508096695,0.0,0.0,0.0,0.0,0.0,0.0,0.0,0.0,0.0,0.0,0.0,0.0,0.0,0.0,0.0,0.0,0.0,0.0,0.0,0.0,0.0,0.0,0.0,0.0,0.0,0.0,0.0,0.0,-1.4820951220382732,0.015322689618129128,0.009332216929851683,0.013787060187956692,2.7733304262519036,6.561020399613617,9.491888125843833,11.215687291546105,21.696625579944843,15.036347969410269,21.746174881905503,ISIC_0012204.jpg
0.7555555555555555,2.088888888888889,0.4888888888888889,1.4222222222222223,0.3111111111111111,0.9333333333333333,0.9966904520988464,0.03632074221968651,0.017638569697737694,0.07055427879095078,0.0,0.0,0.0,0.0,0.0,0.0,0.0,0.0,0.0,0.0,0.0,0.0,0.0,0.0,0.0,0.0,0.0,0.0,0.0,0.0,0.0,0.0,0.0,0.0,0.0,0.0,0.0,0.0,-1.9161608040812201,0.014742699762027753,0.041429376601319595,0.05230136387290693,2.6866394538945535,6.088288536341829,9.399352967163905,10.90774668229707,21.062370580178992,13.952451174845672,-22.214693549721257,ISIC_0012206.jpg
0.7222222222222222,1.7777777777777777,0.5555555555555556,1.3888888888888888,0.4444444444444444,1.1111111111111112,0.9873350858688354,0.15863975882530212,0.0,0.001681136665865779,0.0,0.0,0.0,0.0,0.0,0.0,0.0,0.0,0.0,0.0,0.0,0.0,0.0,0.0,0.0,0.0,0.0,0.0,0.0,0.0,0.0,0.0,0.0,0.0,0.0,0.0,0.0,0.0,-2.0739277085403396,0.009159584132806967,0.03125932751509418,0.06673795964107695,2.903205031815991,7.0183290951689425,9.90787225853977,11.418519191670999,22.204785768167348,-15.80668796088376,-22.263651308583906,ISIC_0012210.jpg
0.42105263157894735,2.526315789473684,0.21052631578947367,1.368421052631579,0.21052631578947367,1.263157894736842,0.9997565150260925,0.010962867178022861,0.01724318228662014,0.008321021683514118,0.0,0.0,0.0,0.0,0.0,0.0,0.0,0.0,0.0,0.0,0.0,0.0,0.0,0.0,0.0,0.0,0.0,9.491659875493497e-05,0.00036384694976732135,0.0,0.0,0.0,0.0,0.0,0.0,0.0,0.0,0.0,-1.4668898714546097,0.025511621443604592,0.011925246083136372,0.01628097575384672,2.5341014557966215,5.990640526722767,10.013683630416352,10.447266424793009,20.724527865583525,13.56551260671389,-21.034032079384698,ISIC_0012221.jpg
0.44999999999999996,2.3249999999999997,0.3,1.575,0.22499999999999998,1.125,0.9996852874755859,0.012352142482995987,0.002815213054418564,0.02165183424949646,0.0,0.0,0.0,0.0,0.0,0.0,0.0,0.0,0.0,0.0,0.0,0.0,0.0,0.0,0.0,0.0,0.0,0.0,0.0,0.0,0.0,0.0,0.0,0.0,0.0,0.0,0.0,0.0,-1.7369805787780452,0.022370010633975913,0.013554723569582814,0.016239769976776352,2.699306187443907,6.039759546721589,9.64014958408035,10.736660292139295,20.927100770490068,13.997798327119792,21.94011951691743,ISIC_0012222.jpg
1.3604651162790697,1.0116279069767442,1.069767441860465,0.8023255813953488,1.0,0.7558139534883721,0.48871418833732605,0.8724083304405212,0.00031349266646429896,0.0,0.0,0.0,0.0,0.0,0.0,0.0,0.0,0.0,0.0,0.0,0.0,0.0,0.0,0.0,0.0,0.0,4.1799023165367544e-05,0.007879115641117096,2.0899511582683772e-05,0.0002925931476056576,0.0,0.0,0.0,0.0,0.0,0.0,0.0,0.0,-2.3584852794665485,0.009237760050502804,0.19768103469860446,0.45308971522791164,2.9445674484501554,7.322256959697649,11.878673370724245,12.370261173711734,24.862036092215394,-16.813926647803772,-24.538947331143486,ISIC_0012254.jpg
0.6375,2.025,0.4125,1.3499999999999999,0.375,1.2,0.9951081275939941,0.09879108518362045,0.0,0.00048427004367113113,0.0,0.0,0.0,0.0,0.0,0.0,0.0,0.0,0.0,0.0,0.0,0.0,0.0,0.0,0.0,0.0,0.0,0.0,0.0,0.0,0.0,0.0,0.0,0.0,0.0,0.0,0.0,0.0,-1.787988253243312,0.008067124737821358,0.01821427168706713,0.04213522043183192,2.8869156469448103,7.638475915897759,9.800310957053703,12.866518471239669,-24.20997835560319,-16.9661580982738,24.872334916546453,ISIC_0012256.jpg
0.46153846153846156,2.3846153846153846,0.3076923076923077,1.5384615384615385,0.23076923076923078,1.0769230769230769,0.9996431469917297,0.008975524455308914,0.0,0.025159863755106926,0.0,0.0,0.0,0.0,0.0,0.0,0.0,0.0,0.0,0.0,0.0,0.0,0.0,0.0,0.0,0.0,0.0,0.0,0.0,0.0,0.0,0.0,0.0,0.0,0.0,0.0,0.0,0.0,-1.7065609101093742,0.022660729882128687,0.012559886654459501,0.015122335187527178,2.733062359655168,6.124775065843703,10.554444722193015,11.515656834863677,23.0383144262133,14.578913783799397,22.575008077028087,ISIC_0012288.jpg
0.4615384615384615,2.4923076923076923,0.2769230769230769,1.5692307692307692,0.1846153846153846,1.0153846153846153,0.9997332096099854,0.008249660953879356,0.00025141824153251946,0.021574828773736954,0.0,0.0,0.0,0.0,0.0,0.0,0.0,0.0,0.0,0.0,0.0,0.0,0.0,0.0,0.0,0.0,0.0,0.0,0.0,0.0,0.0,0.0,0.0,0.0,0.0,0.0,0.0,0.0,-1.5950498837805034,0.023615633975359894,0.010422411868159264,0.013334990925342016,2.672292228221958,6.145123047222225,9.92140688074469,10.580912090751387,21.077334341599073,13.815372130571445,-20.916842145902816,ISIC_0012306.jpg
0.45454545454545453,2.4545454545454546,0.2727272727272727,1.5454545454545454,0.18181818181818182,1.0909090909090908,0.999783992767334,0.010290667414665222,0.003398752538487315,0.01773330569267273,0.0,0.0,0.0,0.0,0.0,0.0,0.0,0.0,0.0,0.0,0.0,0.0,0.0,0.0,0.0,0.0,0.0,0.0,0.0,0.0,0.0,0.0,0.0,0.0,0.0,0.0,0.0,0.0,-1.5766507625876405,0.02250620446064013,0.010651815820184927,0.013904750803730822,2.6697107481651683,6.1805080810266935,10.530717956103084,11.463851921952516,23.23943154678634,14.593168729244573,22.46724999242575,ISIC_0012313.jpg
0.32727272727272727,2.181818181818182,0.2181818181818182,1.6363636363636365,0.2181818181818182,1.4181818181818182,0.999901294708252,0.012866577133536339,0.004626360256224871,0.003208855865523219,0.0,0.0,0.0,0.0,0.0,0.0,0.0,0.0,0.0,0.0,0.0,0.0,0.0,0.0,0.0,0.0,0.0,0.0002492315252311528,0.0,0.0,0.0,0.0,0.0,0.0,0.0,0.0,0.0,0.0,-1.5926974389922608,0.03491010302371198,0.00854481195617631,0.009503534563215356,2.6555837856495956,5.890051281309783,10.324859197372303,10.714330724095635,21.525421011673256,13.699039743124073,-21.299668636346432,ISIC_0012316.jpg
0.375,1.9285714285714284,0.26785714285714285,1.607142857142857,0.26785714285714285,1.5535714285714284,0.999495804309845,0.03174302354454994,0.0,0.0,0.0,0.0,0.0,0.0,0.0,0.0,0.0,0.0,0.0,0.0,0.0,0.0,0.0,0.0,0.0,0.0,0.0,0.0006613129517063498,0.0,0.0,0.0,0.0,0.0,0.0,0.0,0.0,0.0,0.0,-1.8963056398907034,0.016891817648194786,0.009105015113710304,0.014350694859121061,2.965665330921484,6.646969660057062,10.594858807708048,11.171105226992642,22.065319529579188,14.501071698795283,22.70282227489401,ISIC_0012335.jpg
0.5906735751295337,1.83419689119171,0.4663212435233161,1.4300518134715028,0.4041450777202073,1.2746113989637307,0.9945895671844482,0.1038828194141388,3.352680869284086e-05,0.00010058042244054377,0.0,0.0,0.0,0.0,0.0,0.0,0.0,0.0,0.0,0.0,0.0,0.0,0.0,0.0,0.0,0.0,0.0,0.0,0.0,0.0,0.0,0.0,0.0,0.0,0.0,0.0,0.0,0.0,-2.1034467329987763,0.011498804275303975,0.03613723078802259,0.04427183065161867,2.9191497215817916,6.452338914088159,10.140155613879303,10.883495331885921,21.400528838771855,14.10987789260716,-22.207959869534978,ISIC_0012380.jpg
0.6629834254143646,1.9558011049723756,0.4972375690607735,1.425414364640884,0.36464088397790057,1.0939226519337015,0.9942476749420166,0.10678768157958984,0.0,0.008243082091212273,0.0,0.0,0.0,0.0,0.0,0.0,0.0,0.0,0.0,0.0,0.0,0.0,0.0,0.0,0.0,0.0,0.0,0.0,0.0,0.0,0.0,0.0,0.0,0.0,0.0,0.0,0.0,0.0,-2.02913848763428,0.010717499914406884,0.03144783868586421,0.048667892600058105,2.8503356574727166,6.23345606703933,10.348166895653176,11.525870097540503,-23.12902253198424,-14.818417099663344,-22.473235055015135,ISIC_0012383.jpg
0.7582417582417583,1.8461538461538463,0.5274725274725275,1.3186813186813187,0.4285714285714286,1.120879120879121,0.9930505752563477,0.10911489278078079,0.0006655483157373965,0.044083818793296814,0.0,0.0,0.0,0.0,0.0,0.0,0.0,0.0,0.0,0.0,0.0,0.0,0.0,0.0,0.0,0.0,0.00017514429055154324,0.0007356060086749494,0.0,0.0,0.0,0.0,0.0,0.0,0.0,0.0,0.0,0.0,-1.910921962398555,0.009051690291479434,0.04693620542405426,0.06673967744846256,2.8081490779387943,6.946920505413561,10.044023956507457,12.054504530447343,-23.1045905998896,15.711166196064239,-24.315166785984033,ISIC_0012400.jpg
1.170731707317073,1.1840354767184034,0.9046563192904655,0.9179600886917959,0.9046563192904655,0.9179600886917959,0.8209109306335449,0.42955514788627625,0.0,0.0,0.0,0.0,0.0,0.0,0.0,0.0,0.0,0.0,0.0,0.0,0.0,0.0,0.0,0.012816564179956913,0.0,0.0,0.0011765204835683107,0.37606102228164673,0.0,0.0,0.0,0.0,0.0,0.0,0.0,0.0,0.0,0.0,-2.3156167356278132,0.008129719749511157,0.18658350981184282,0.30569941728752553,2.915209040737199,6.800862934603658,10.399815749113733,11.880946027103223,23.093168514305425,15.494623517555937,-23.29644743427116,ISIC_0012417.jpg
0.4468085106382979,2.297872340425532,0.3191489361702128,1.4680851063829787,0.25531914893617025,1.2127659574468086,0.9995430707931519,0.022502917796373367,0.0,0.020181061699986458,0.0,0.0,0.0,0.0,0.0,0.0,0.0,0.0,0.0,0.0,0.0,0.0,0.0,0.0,0.0,0.0,0.0,0.0,0.0,0.0,0.0,0.0,0.0,0.0,0.0,0.0,0.0,0.0,-1.7036016432220973,0.016102832075252496,0.012903307090282996,0.018677169856891856,2.794713961968498,6.862150145583636,12.997248371484677,11.811337768672205,24.774915296318525,15.391291936645656,24.23282026740641,ISIC_0012434.jpg
0.46153846153846156,2.3076923076923075,0.3076923076923077,1.4615384615384615,0.23076923076923078,1.2307692307692308,0.999352216720581,0.03558510169386864,0.0003652196901384741,0.005351262632757425,0.0,0.0,0.0,0.0,0.0,0.0,0.0,0.0,0.0,0.0,0.0,0.0,0.0,0.0,0.0,0.0,0.0,0.0,0.0,0.0,0.0,0.0,0.0,0.0,0.0,0.0,0.0,0.0,-1.437038081043507,0.012236131525644888,0.011377690454890595,0.01830093516531333,2.7678699528566493,6.7108174467782264,9.75828591323348,12.056575122153069,-23.081621382905503,-15.412146259091395,-23.153310006429138,ISIC_0012492.jpg
0.6906474820143884,1.6402877697841727,0.539568345323741,1.2517985611510791,0.5611510791366906,1.316546762589928,0.9862339496612549,0.010855668224394321,0.0,0.00019511822029016912,0.0,0.0,0.0,0.0,0.0,0.0,0.0,0.0,0.0,0.0,0.0,0.0,0.0,0.0,0.0,0.0,0.0,0.1649990677833557,0.0,0.00019511822029016912,0.0,0.0,0.0,0.0,0.0,0.0,0.0,0.0,-2.2188602204048373,0.008862902795458297,0.043054873601954285,0.0728732116136252,2.9479117670681965,6.499395875053781,10.748377935353659,12.03651977355645,-23.77807230368104,-15.598678513157465,-23.47751907086293,ISIC_0012513.jpg
0.27906976744186046,2.2325581395348837,0.27906976744186046,1.5348837209302324,0.27906976744186046,1.3953488372093024,0.999969482421875,0.004731058608740568,0.0028448193334043026,0.0,0.0,0.0,0.0,0.0,0.0,0.0,0.0,0.0,0.0,0.0,0.0,0.0,0.00015460974827874452,0.0,0.0,0.0,0.005519567988812923,3.0921950383344665e-05,0.0,0.0,0.0,0.0,0.0,0.0,0.0,0.0,0.0,0.0,-1.3757173932293467,0.034292820759904995,0.009712771108823879,0.0115414391060058,2.5453096551050303,5.956431556713559,9.306909360903319,11.08513896591189,21.291053961161676,14.071643195336746,21.956850522676387,ISIC_0012538.jpg
0.5052631578947369,2.0842105263157893,0.3157894736842105,1.3894736842105262,0.3157894736842105,1.3894736842105262,0.9993846416473389,0.021566107869148254,0.00043292558984830976,6.413712253561243e-05,0.0,0.0,0.0,0.0,0.0,0.0,0.0,0.0,0.0,0.0,0.0,0.0,0.0,0.0,0.0,0.0,0.0012827424798160791,0.027627065777778625,0.00041689130011945963,4.810284008271992e-05,0.0,0.0,0.0,0.0,0.0,0.0,0.0,0.0,-1.6737389845528072,0.016014615000343273,0.017678859571391942,0.02332688641074663,2.774450333241939,6.468485442928874,9.835277260298197,11.055515290908707,21.610904865265994,14.326237154483552,-21.701285713434338,ISIC_0012547.jpg
0.549618320610687,2.1068702290076335,0.366412213740458,1.5114503816793894,0.2748091603053435,1.1908396946564885,0.9987994432449341,0.037462107837200165,8.147479093167931e-05,0.03156333416700363,0.0,0.0,0.0,0.0,0.0,0.0,0.0,0.0,0.0,0.0,0.0,0.0,0.0,0.0,0.0,0.0,0.0,0.0,0.0,0.0,0.0,0.0,0.0,0.0,0.0,0.0,0.0,0.0,-1.9966093070461381,0.01718709488059659,0.02455628095350599,0.02989830998290043,2.771374045516247,6.048647017854205,9.8366505873923,10.33700691546974,20.426951638459382,13.41519875193931,21.346972204991125,ISIC_0012660.jpg
0.8636363636363636,2.0454545454545454,0.5,1.3181818181818181,0.3181818181818182,0.9545454545454546,0.9939327239990234,0.03487827628850937,0.09305630624294281,0.04713473096489906,0.0,0.0,0.0,0.0,0.0,0.0,0.0,0.0,0.0,0.0,0.0,0.0,0.0,0.0,0.0,0.0,0.0,0.0,0.00019624605192802846,0.0,0.0,0.0,0.0,0.0,0.0,0.0,0.0,0.0,-2.033224002494888,0.022675687701566076,0.05850797035209406,0.07221588840419302,2.4752840568305268,5.387980677504947,10.02648023154132,9.92488807453969,19.918863985081174,12.71328967651383,20.446903348833686,ISIC_0012684.jpg
0.9032258064516129,2.0,0.5483870967741935,1.2580645161290323,0.3870967741935484,0.9032258064516129,0.9873622059822083,0.05486657842993736,0.0001272163208341226,0.14867952466011047,0.0,0.0,0.0,0.0,0.0,0.0,0.0,0.0,0.0,0.0,0.0,0.0,0.0,0.0,0.0,0.0,0.0,0.0,0.0,0.0,0.0,0.0,0.0,0.0,0.0,0.0,0.0,0.0,-2.001019208870687,0.011076617672343525,0.05558779514578602,0.08313105555732979,2.680840679384071,5.897043508221139,9.402896169489216,10.584175338445052,20.67463447485304,13.669221623803137,-20.79953607618026,ISIC_0012720.jpg
0.35294117647058826,2.4705882352941178,0.23529411764705882,1.6470588235294117,0.11764705882352941,1.1764705882352942,0.9999023079872131,0.008750238455832005,0.007078317925333977,0.008297101594507694,0.0,0.0,0.0,0.0,0.0,0.0,0.0,0.0,0.0,0.0,0.0,0.0,0.0,0.0,0.0,0.0,0.0,0.0,0.0,0.0,0.0,0.0,0.0,0.0,0.0,0.0,0.0,0.0,-1.3970022834473959,0.022633975571444635,0.008344587902948368,0.01070871801048515,2.6511160161365868,7.678172233242368,9.51584888851295,11.572407979867071,-22.953425921322182,-15.60698179267306,-22.121188189831482,ISIC_0012746.jpg
0.23529411764705882,2.3529411764705883,0.23529411764705882,1.6470588235294117,0.11764705882352941,1.411764705882353,0.9999232292175293,0.012388210743665695,0.0,0.0,0.0,0.0,0.0,0.0,0.0,0.0,0.0,0.0,0.0,0.0,0.0,0.0,0.0,0.0,0.0,0.0,0.0,0.0,0.0,0.0,0.0,0.0,0.0,0.0,0.0,0.0,0.0,0.0,-1.4783401089427783,0.02701455922152143,0.0043864855865286675,0.005631271256354114,2.8449630173995324,6.420645436057339,11.111091932967122,13.370635587692272,25.890527732720212,17.17655475081053,25.68182750624341,ISIC_0012876.jpg
0.8918918918918919,1.6756756756756757,0.6216216216216216,1.2162162162162162,0.5405405405405406,1.054054054054054,0.9804567098617554,0.19027093052864075,0.0397241935133934,0.03038957715034485,0.0,0.0,0.0,0.0,0.0,0.0,0.0,0.0,0.0,0.0,0.0,0.0,0.0,0.0,0.0,0.0,0.0,0.0,3.786863089771941e-05,0.0,0.0,0.0,0.0,0.0,0.0,0.0,0.0,0.0,-2.220696821897156,0.015326933935187958,0.095622075762237,0.113766848352201,2.7523050391568544,7.741556544457584,10.238632134540524,11.391250635073085,22.228211097922667,-15.63485562755478,22.714086127244016,ISIC_0012927.jpg
0.3,2.3,0.2,1.6,0.2,1.4,0.9998455047607422,0.017550421878695488,0.0007150747696869075,0.0006528943195007741,0.0,0.0,0.0,0.0,0.0,0.0,0.0,0.0,0.0,0.0,0.0,0.0,0.0,0.0,0.0,0.0,0.0,0.0,0.0,0.0,0.0,0.0,0.0,0.0,0.0,0.0,0.0,0.0,-1.5608095861539066,0.025035660940023345,0.007972652348850473,0.010095473232033938,2.7478327201749444,6.308591818533852,9.999212319444311,10.802517031254652,21.23925020901428,13.960308768679585,21.612089683785506,ISIC_0012956.jpg
0.4444444444444444,2.1666666666666665,0.2777777777777778,1.4444444444444444,0.2777777777777778,1.3888888888888888,0.9992058277130127,0.03963889181613922,6.370251503540203e-05,0.0006370251649059355,0.0,0.0,0.0,0.0,0.0,0.0,0.0,0.0,0.0,0.0,0.0,0.0,0.0,0.0,0.0,0.0,0.0,0.004013258498162031,3.1851257517701015e-05,0.00011147939949296415,0.0,0.0,0.0,0.0,0.0,0.0,0.0,0.0,-1.7394147815548355,0.013851853746216315,0.014869935543501857,0.019490102508096175,2.8779525475968053,6.661014629705409,12.639495756463138,13.018214350930416,25.883649453724207,16.388007180834187,26.25185774823961,ISIC_0012959.jpg
0.2608695652173913,2.217391304347826,0.13043478260869565,1.6956521739130435,0.13043478260869565,1.5652173913043477,0.9999759197235107,0.006105216685682535,0.00121795991435647,0.003068025689572096,0.0,0.0,0.0,0.0,0.0,0.0,0.0,0.0,0.0,0.0,0.0,0.0,0.0,0.0,0.0,0.0,0.0,1.5417213944601826e-05,0.0,0.0,0.0,0.0,0.0,0.0,0.0,0.0,0.0,0.0,-1.6087589827907307,0.04476826799646241,0.00431295826942058,0.004756051667903025,2.7700794195253087,6.376804794381731,10.805193493031977,10.70714342853475,-22.172751052662175,13.898997992200798,-21.471750823376876,ISIC_0012965.jpg
0.375,2.375,0.25,1.5,0.125,1.375,0.9998915195465088,0.009853452444076538,0.010882452130317688,0.0011381361400708556,0.0,0.0,0.0,0.0,0.0,0.0,0.0,0.0,0.0,0.0,0.0,0.0,0.0,0.0,0.0,0.0,0.0,0.0,0.0,0.0,0.0,0.0,0.0,0.0,0.0,0.0,0.0,0.0,-1.460131058873432,0.03278904692697172,0.008348456972448548,0.009891261210514436,2.588350838189704,5.864974321763095,10.511184569838825,11.983577904800061,-23.23099497043228,-15.317270573346565,-25.122241035390307,ISIC_0013010.jpg
0.3448275862068966,2.206896551724138,0.27586206896551724,1.5862068965517242,0.20689655172413793,1.3793103448275863,0.9996919631958008,0.024334482848644257,0.0,0.004866896662861109,0.0,0.0,0.0,0.0,0.0,0.0,0.0,0.0,0.0,0.0,0.0,0.0,0.0,0.0,0.0,0.0,0.0,0.0,0.0,0.0,0.0,0.0,0.0,0.0,0.0,0.0,0.0,0.0,-1.839655547343341,0.02366147806453853,0.01012676979781619,0.012992109488229887,2.832211883119413,6.288106597189482,10.975750385386451,11.765771143587433,23.889900611787837,16.525043467540176,23.143400494861982,ISIC_0013082.jpg
0.7559055118110236,2.3149606299212597,0.42519685039370075,1.3228346456692912,0.28346456692913385,0.8976377952755905,0.9957870841026306,0.009144419804215431,0.0014403298264369369,0.0912264734506607,0.0,0.0,0.0,0.0,0.0,0.0,0.0,0.0,0.0,0.0,0.0,0.0,0.0,0.0,0.0,0.0,0.0,0.0,0.0,0.0,0.0,0.0,0.0,0.0,0.0,0.0,0.0,0.0,-1.9624085106697435,0.018366830485581794,0.03493223110854089,0.04340395785506639,2.602960659061525,5.592519007819372,9.969725767413543,11.046288975661692,-22.288679904970667,-13.950019390321792,-21.561803455494918,ISIC_0013104.jpg
1.1506849315068495,1.6643835616438356,0.636986301369863,0.9246575342465754,0.6575342465753425,0.9657534246575343,0.9658240675926208,0.13620680570602417,0.0010259166592732072,0.05009528994560242,0.0,0.0,0.0,0.0,0.0,0.0,0.0,0.0,0.0,0.0,0.0,0.0,0.0,0.0,0.0,0.0,0.0,0.20826107263565063,0.021129516884684563,0.04797797277569771,0.0,0.0,0.0,0.0,0.0,0.0,0.0,0.0,-2.0707193705325047,0.00821919167989621,0.09977046817923053,0.17331608392758086,2.7912795885168036,7.231167024519455,10.775972187532858,11.69146226492202,23.041073599839486,15.401669329208845,23.116901859986015,ISIC_0013127.jpg
0.5647058823529412,2.3294117647058825,0.35294117647058826,1.411764705882353,0.21176470588235294,1.1294117647058823,0.9994110465049744,0.020929906517267227,0.006848033983260393,0.026315096765756607,0.0,0.0,0.0,0.0,0.0,0.0,0.0,0.0,0.0,0.0,0.0,0.0,0.0,0.0,0.0,0.0,0.0,0.0,0.0,0.0,0.0,0.0,0.0,0.0,0.0,0.0,0.0,0.0,-1.735121935742188,0.021930843816740368,0.018769299646395055,0.02368554851199603,2.5636228447185996,5.4758339109128835,11.409146273646462,12.161470886603073,-23.953842426569295,-15.267848023783056,-24.69418516396167,ISIC_0013128.jpg
0.42105263157894735,2.3157894736842106,0.3157894736842105,1.5789473684210527,0.21052631578947367,1.1578947368421053,0.9997947216033936,0.014021040871739388,0.01380048505961895,0.004836471285670996,0.0,0.0,0.0,0.0,0.0,0.0,0.0,0.0,0.0,0.0,0.0,0.0,0.0,0.0,0.0,0.0,0.0,0.0,0.0,0.0,0.0,0.0,0.0,0.0,0.0,0.0,0.0,0.0,-1.3936827098874358,0.020159992581678,0.0107179978750294,0.014571459636532997,2.607143017382192,6.455171540253076,9.509188856601774,12.35566219752248,-23.95480663151675,15.849864314113303,-23.298405678915273,ISIC_0013132.jpg
0.31578947368421056,2.368421052631579,0.15789473684210528,1.5789473684210527,0.15789473684210528,1.4210526315789473,0.9999402165412903,0.005881544668227434,0.009155967272818089,0.00043452047975733876,0.0,0.0,0.0,0.0,0.0,0.0,0.0,0.0,0.0,0.0,0.0,0.0,4.655576412915252e-05,0.0,0.0,0.0,0.00023277882428374141,0.0007914479938335717,0.0005431505851447582,0.0,0.0,0.0,0.0,0.0,0.0,0.0,0.0,0.0,-1.3256317259275239,0.038302681410576085,0.006959292664843285,0.008023689071540538,2.5148810438433222,6.280273079672166,9.494818932376573,9.630864379044208,19.39977155794615,-14.694901422902689,-19.30002568308634,ISIC_0013188.jpg
1.0353982300884956,1.6194690265486726,0.7168141592920354,1.168141592920354,0.5575221238938054,0.9026548672566372,0.966201901435852,0.23277123272418976,0.09135367721319199,0.06265726685523987,0.0,0.0,0.0,0.0,0.0,0.0,0.0,0.0,0.0,0.0,0.0,0.0,0.0,0.0,0.0,0.0,0.0,0.0,0.0,0.0,0.0,0.0,0.0,0.0,0.0,0.0,0.0,0.0,-2.019340708592548,0.010099764897171735,0.09412489126700797,0.15061197505889679,2.7038233673543552,6.38919143346722,11.71429921739392,11.266982283380102,-22.964137388469847,14.487005367566052,-22.86365963431594,ISIC_0013215.jpg
0.6446280991735537,2.1818181818181817,0.396694214876033,1.4380165289256197,0.2975206611570248,1.0413223140495866,0.9984498023986816,0.03206916153430939,0.01667463406920433,0.042326636612415314,0.0,0.0,0.0,0.0,0.0,0.0,0.0,0.0,0.0,0.0,0.0,0.0,0.0,0.0,0.0,0.0,0.0,0.0,0.0,0.0,0.0,0.0,0.0,0.0,0.0,0.0,0.0,0.0,-1.909721334489742,0.017244204230032402,0.02891197349398915,0.038964025249407744,2.676509122273568,6.315201210518152,8.928001716369554,9.922456496092753,19.64665944121988,-13.242401393214086,19.41084470568548,ISIC_0013232.jpg
0.7039106145251397,1.6424581005586594,0.5698324022346369,1.3743016759776536,0.5027932960893855,1.2067039106145252,0.9946011900901794,0.10376652330160141,0.0007384323398582637,0.0,0.0,0.0,0.0,0.0,0.0,0.0,0.0,0.0,0.0,0.0,0.0,0.0,0.0,0.0,0.0,0.0,0.00028530339477583766,0.0004699114942923188,0.0,0.0,0.0,0.0,0.0,0.0,0.0,0.0,0.0,0.0,-2.0921998238245236,0.014972036937562345,0.06649994846543665,0.07648805845028105,2.793572071830908,6.95531334903837,10.407185320668683,11.366560049038354,22.25345035480675,14.845281452526262,24.29880447553218,ISIC_0013421.jpg
0.5901639344262295,2.1147540983606556,0.3934426229508197,1.4754098360655739,0.29508196721311475,1.1311475409836067,0.9985395073890686,0.037314631044864655,0.0,0.03906964510679245,0.0,0.0,0.0,0.0,0.0,0.0,0.0,0.0,0.0,0.0,0.0,0.0,0.0,0.0,0.0,0.0,0.0,0.0,0.0,0.0,0.0,0.0,0.0,0.0,0.0,0.0,0.0,0.0,-1.894023037198777,0.015982506285926387,0.024527573464688538,0.03287248778630524,2.7414271343834153,6.190142528558216,10.273120155653071,11.333571616878173,22.164803110926762,14.667285690306757,22.596398219157713,ISIC_0013491.jpg
0.549618320610687,2.1068702290076335,0.4122137404580153,1.465648854961832,0.3206106870229008,1.1450381679389314,0.9985071420669556,0.04847535118460655,0.0003927779907826334,0.025170523673295975,0.0,0.0,0.0,0.0,0.0,0.0,0.0,0.0,0.0,0.0,0.0,0.0,0.0,0.0,0.0,0.0,0.0,0.0,0.0,0.0,0.0,0.0,0.0,0.0,0.0,0.0,0.0,0.0,-1.924233347664306,0.014808043128399955,0.025194257454272874,0.03191949621788174,2.7746114363408543,6.057400982724635,10.484896662791519,11.922915637257638,23.173619038756602,15.767942459469763,23.483067341605498,ISIC_0013501.jpg
1.0666666666666667,1.3,0.8166666666666667,1.0166666666666666,0.8,1.0,0.8769686818122864,0.4682976007461548,2.2174232071847655e-05,6.652269803453237e-05,0.0,0.0,0.0,0.0,0.0,0.0,0.0,0.0,0.0,0.0,0.0,0.0,0.0,0.0,0.0,0.0,4.434846414369531e-05,0.10781111568212509,0.0,0.0,0.0,0.0,0.0,0.0,0.0,0.0,0.0,0.0,-2.2249439371522923,0.008418096292846428,0.1193159744537575,0.22382067049650198,2.8693969223034776,6.789031970498354,11.183051500259118,12.442916695094285,-24.55230869583264,-16.633449353841982,24.31993298324551,ISIC_0013518.jpg
0.18181818181818182,2.1818181818181817,0.18181818181818182,1.8181818181818181,0.18181818181818182,1.4545454545454546,0.9999886155128479,0.004514898639172316,0.00041463354136794806,0.0015049661742523313,0.0,0.0,0.0,0.0,0.0,0.0,0.0,0.0,0.0,0.0,0.0,0.0,0.0,0.0,0.0,0.0,0.0,0.0,0.0,0.0,0.0,0.0,0.0,0.0,0.0,0.0,0.0,0.0,-1.3941559599861304,0.055707387171987664,0.0026207752994592444,0.0030509905275558457,2.633590308876314,5.535629533971561,9.393230079360986,9.678421495552822,19.214677512122183,12.447820159334626,-20.56598962256905,ISIC_0013527.jpg
0.6055045871559632,2.091743119266055,0.38532110091743116,1.4311926605504586,0.33027522935779813,1.1559633027522935,0.9988002777099609,0.0352952778339386,0.02606699988245964,0.021741759032011032,0.0,0.0,0.0,0.0,0.0,0.0,0.0,0.0,0.0,0.0,0.0,0.0,0.0,0.0,0.0,0.0,0.0,0.0,0.0,0.0,0.0,0.0,0.0,0.0,0.0,0.0,0.0,0.0,-1.7425682269216816,0.014629644964918991,0.027375511639676234,0.0355503809294059,2.6847583732741214,6.62768445667565,10.526402822656781,11.080299686632465,22.810024269961826,-14.664960169997396,21.886720483307563,ISIC_0013549.jpg
0.6153846153846154,2.1538461538461537,0.41025641025641024,1.3846153846153846,0.3076923076923077,1.1282051282051282,0.9983494877815247,0.044123575091362,0.000560194777790457,0.0367586612701416,0.0,0.0,0.0,0.0,0.0,0.0,0.0,0.0,0.0,0.0,0.0,0.0,0.0,0.0,0.0,0.0,0.0,0.0,0.0,0.0,0.0,0.0,0.0,0.0,0.0,0.0,0.0,0.0,-1.8535360545607003,0.016172111350211283,0.026578514546200957,0.03508764427771438,2.6544877925785686,5.6539551212437535,9.696653892856451,9.963272552775837,19.793297323751826,12.790512435638515,21.567036170263968,ISIC_0013561.jpg
0.5128205128205128,2.1025641025641026,0.41025641025641024,1.5384615384615385,0.3076923076923077,1.1282051282051282,0.99860680103302,0.051282525062561035,0.0002269855613121763,0.012435566633939743,0.0,0.0,0.0,0.0,0.0,0.0,0.0,0.0,0.0,0.0,0.0,0.0,0.0,0.0,0.0,0.0,0.0,0.0,0.0,0.0,0.0,0.0,0.0,0.0,0.0,0.0,0.0,0.0,-1.7839125517001246,0.01276098277203643,0.01943400687663378,0.02767128334258625,2.839852531941619,6.611628243730011,10.714620565425761,12.168708853727122,-23.70344943875531,-15.5898771821732,23.839210334276462,ISIC_0013562.jpg
0.6188340807174888,1.695067264573991,0.484304932735426,1.345291479820628,0.484304932735426,1.3721973094170405,0.9956546425819397,0.05161954462528229,0.0,0.0,0.0,0.0,0.0,0.0,0.0,0.0,0.0,0.0,0.0,0.0,0.0,0.0,0.0,0.0,0.0,0.0,0.0002403304388280958,0.07750656455755234,0.0,0.0,0.0,0.0,0.0,0.0,0.0,0.0,0.0,0.0,-2.00290062372657,0.007458488890877385,0.03249808466299557,0.054080781278806035,2.9843778943047687,6.965902204130925,10.88939971653163,12.759110480850888,-24.79523445071774,-16.384295571116027,24.686097628815826,ISIC_0013632.jpg
0.5760000000000001,2.016,0.384,1.3920000000000001,0.336,1.296,0.9972832798957825,0.07365962117910385,0.0,0.0002780225477181375,0.0,0.0,0.0,0.0,0.0,0.0,0.0,0.0,0.0,0.0,0.0,0.0,0.0,0.0,0.0,0.0,0.0,0.0005723994108848274,0.0,0.0,0.0,0.0,0.0,0.0,0.0,0.0,0.0,0.0,-1.7357644542592954,0.011230697081291503,0.017805392590052916,0.03207078780695174,2.8322899653182168,6.73308499812866,10.646642932287483,11.513611527079744,22.735800562911006,15.121203321110478,22.75304939121392,ISIC_0013637.jpg
0.5793103448275861,1.8620689655172413,0.4551724137931034,1.4482758620689655,0.41379310344827586,1.2413793103448276,0.9954033493995667,0.09569674730300903,0.0009027995401993394,0.0036613536067306995,0.0,0.0,0.0,0.0,0.0,0.0,0.0,0.0,0.0,0.0,0.0,0.0,0.0,0.0,0.0,0.0,0.0,0.0,0.0,0.0,0.0,0.0,0.0,0.0,0.0,0.0,0.0,0.0,-1.8364044073303898,0.010626697387662611,0.0329888604914879,0.04338785119551129,2.826215494035858,6.673793860290879,9.424617213062827,10.833568771950857,21.03050736078223,14.515358221239985,-21.248318367772402,ISIC_0013644.jpg
1.108910891089109,1.5445544554455446,0.7722772277227723,1.0693069306930694,0.6336633663366337,0.8712871287128713,0.9423789978027344,0.32451343536376953,0.006045285612344742,0.08093619346618652,0.0,0.0,0.0,0.0,0.0,0.0,0.0,0.0,0.0,0.0,0.0,0.0,0.00027006430900655687,8.309671102324501e-05,0.0003116126754321158,0.0,0.0007686445605941117,0.004819609224796295,0.0012672248994931579,6.232253508642316e-05,0.0,0.0,0.0,0.0,0.0,0.0,0.0,0.0,-2.097291130741427,0.007560303368377505,0.12539048711260825,0.1899770189522859,2.803011028066405,7.4157153224670145,10.101333120357888,11.000762950067886,-22.480604133170456,-15.143462357590037,-21.554846272347014,ISIC_0013651.jpg
1.0096153846153846,2.0480769230769234,0.576923076923077,1.2115384615384617,0.375,0.7788461538461539,0.9720660448074341,0.0023430834989994764,0.0,0.23469579219818115,0.0,0.0,0.0,0.0,0.0,0.0,0.0,0.0,0.0,0.0,0.0,0.0,0.0,0.0,0.0,0.0,0.0,0.0,0.0,0.0,0.0,0.0,0.0,0.0,0.0,0.0,0.0,0.0,-2.0832325817062785,0.01126793280400085,0.06664824329656066,0.09691780975088704,2.6470853105502323,5.677252127057386,9.21552959288542,9.649561093496224,19.08662718738623,12.48840512422798,19.925134769269274,ISIC_0013663.jpg
0.8148148148148148,1.962962962962963,0.5555555555555556,1.3333333333333333,0.37037037037037035,0.9629629629629629,0.9924379587173462,0.08703221380710602,0.001104153343476355,0.08655137568712234,0.0,0.0,0.0,0.0,0.0,0.0,0.0,0.0,0.0,0.0,0.0,0.0,0.0,0.0,0.0,0.0,0.0,0.0,0.0,0.0,0.0,0.0,0.0,0.0,0.0,0.0,0.0,0.0,-1.756056194019259,0.007988342457865885,0.04118474352333241,0.07161937612195879,2.7274279673700805,6.3701366631725636,9.84055387370502,10.393574713000909,20.521191577261433,13.921974339447289,21.172591943149943,ISIC_0013702.jpg
0.8484848484848485,2.303030303030303,0.42424242424242425,1.2121212121212122,0.30303030303030304,0.9090909090909091,0.9938604235649109,0.00675932178273797,0.10952159762382507,0.014170557260513306,0.0,0.0,0.0,0.0,0.0,0.0,0.0,0.0,0.0,0.0,0.0,0.0,0.0,0.0,0.0,0.0,0.0,0.0,0.0,0.0,0.0,0.0,0.0,0.0,0.0,0.0,0.0,0.0,-1.5806185945831202,0.013285643663204824,0.038796734241393176,0.05625274108436726,2.5061457986616666,5.597689272735948,9.801400141453826,10.206008004933704,20.232674289267514,13.043766031896375,-20.708962325581822,ISIC_0013736.jpg
0.6257668711656441,2.0245398773006134,0.4049079754601227,1.2515337423312882,0.4049079754601227,1.2883435582822085,0.9978622794151306,0.020968841388821602,0.0,0.020215168595314026,0.0,0.0,0.0,0.0,0.0,0.0,0.0,0.0,0.0,0.0,0.0,0.0,0.0,0.0,0.0,0.0,0.0,0.058501727879047394,0.0,6.699310324620456e-05,0.0,0.0,0.0,0.0,0.0,0.0,0.0,0.0,-1.9598951808591518,0.012302104066415043,0.02925938794117001,0.04233730128827843,2.8061778255923415,6.409576403201971,9.44552290320022,10.23898939081498,20.12253727977885,13.686574844482132,-20.46200990232869,ISIC_0013793.jpg
1.1170212765957448,1.627659574468085,0.7021276595744681,1.0531914893617023,0.6063829787234043,0.8936170212765958,0.9929432272911072,0.0005907583981752396,0.11471138149499893,0.0,0.0,0.0,0.0,0.0,0.0,0.0,0.0,0.0,0.0,0.0,0.0,0.0,0.0,0.0,0.0,0.0,0.03007655218243599,0.0,0.00038225544267334044,0.0,0.0,0.0,0.0,0.0,0.0,0.0,0.0,0.0,-1.7438561963289427,0.008661584341386976,0.10925897707683509,0.17431098834768988,2.582630468004772,6.026829511759164,8.965723451581828,9.923852840328985,19.434048371609823,12.995065432742066,19.661088166525882,ISIC_0013828.jpg
0.2448979591836735,2.2040816326530615,0.12244897959183675,1.7142857142857144,0.12244897959183675,1.5918367346938778,0.9999510049819946,0.009893943555653095,0.0,0.00013870015391148627,0.0,0.0,0.0,0.0,0.0,0.0,0.0,0.0,0.0,0.0,0.0,0.0,0.0,0.0,0.0,0.0,0.0,0.0,0.0,0.0,0.0,0.0,0.0,0.0,0.0,0.0,0.0,0.0,-1.475959009892441,0.030111275513419914,0.00367851162314748,0.0046013443788124235,2.880326917725919,6.555378742810043,9.751468494342637,10.772971311464573,21.485272476589973,-14.909374741070883,21.064397100095977,ISIC_0013863.jpg
0.47619047619047616,2.2857142857142856,0.2857142857142857,1.4285714285714286,0.2857142857142857,1.2380952380952381,0.9993696212768555,0.011177988722920418,0.033693425357341766,0.00031891552498564124,0.0,0.0,0.0,0.0,0.0,0.0,0.0,0.0,0.0,0.0,0.0,0.0,0.0,0.0,0.0,0.0,0.0001754035329213366,0.0002710781991481781,1.594577588548418e-05,0.0,0.0,0.0,0.0,0.0,0.0,0.0,0.0,0.0,-1.5458034231947624,0.026505646223052983,0.019171818924666444,0.02385387344406583,2.5240971828874357,6.087125177113744,9.467822010887483,10.052745465307055,19.81581062836799,13.102607365346497,-20.760661915150944,ISIC_0013898.jpg
0.34285714285714286,2.3142857142857145,0.2571428571428572,1.6285714285714286,0.17142857142857143,1.2857142857142858,0.9996982216835022,0.02455080673098564,0.0,0.0007667237659916282,0.0,0.0,0.0,0.0,0.0,0.0,0.0,0.0,0.0,0.0,0.0,0.0,0.0,0.0,0.0,0.0,3.129484684905037e-05,0.000234711347729899,0.00018776908109430224,0.0,0.0,0.0,0.0,0.0,0.0,0.0,0.0,0.0,-1.5159987684850136,0.016898125949873666,0.006843384601421769,0.011519271934990463,2.828039578747666,6.808880332107875,9.572488419805685,11.917035294493317,-22.66518756988494,-15.326294627583454,23.566740674868665,ISIC_0013945.jpg
0.9754601226993864,1.4539877300613497,0.7177914110429447,1.0858895705521472,0.6993865030674846,1.0674846625766872,0.9492537379264832,0.28282374143600464,0.0,0.0007541407831013203,0.0,0.0,0.0,0.0,0.0,0.0,0.0,0.0,0.0,0.0,0.0,0.0,0.00016758684068918228,0.0009007792687043548,0.0,0.0,0.0012987980153411627,0.13756784796714783,0.0,0.00010474177543073893,0.0,0.0,0.0,0.0,0.0,0.0,0.0,0.0,-2.1722082339899216,0.007747876278249572,0.11071572577582256,0.16440845406579865,2.709423317910798,5.649261381638521,9.828659773842697,10.24896345956094,20.29746120164,13.10997393627531,20.967902251365604,ISIC_0014037.jpg
0.6086956521739131,1.8695652173913044,0.43478260869565216,1.391304347826087,0.391304347826087,1.3043478260869565,0.9947139024734497,0.10268490016460419,0.0,0.0,0.0,0.0,0.0,0.0,0.0,0.0,0.0,0.0,0.0,0.0,0.0,0.0,0.0,0.0,0.0,0.0,0.0,5.023723133490421e-05,0.0,0.0,0.0,0.0,0.0,0.0,0.0,0.0,0.0,0.0,-1.703534762696963,0.00904043022189864,0.025473274582571037,0.04367809498788527,2.8240106451461084,8.17515663382243,10.105037372695977,13.584470425741053,25.81333512658538,-18.36085834158487,25.4698216813035,ISIC_0014038.jpg
0.9969230769230769,1.3846153846153846,0.7569230769230769,1.070769230769231,0.7384615384615385,1.0523076923076924,0.939060389995575,0.30646878480911255,0.003103263210505247,0.002887758892029524,0.0,0.0,0.0,0.0,0.0,0.0,0.0,0.0,0.0,0.0,0.0,0.0,0.0,0.0,0.0,0.0,0.004611793905496597,0.15557262301445007,0.0006249627331271768,0.0,0.0,0.0,0.0,0.0,0.0,0.0,0.0,0.0,-2.1898678150591055,0.008597598322584306,0.10866044560306823,0.1847872681037861,2.797573375314219,6.147591229150969,10.571934939182075,11.384467218311167,22.48820925741318,14.994015363594805,22.54140742676206,ISIC_0014055.jpg
0.5142857142857142,1.9428571428571428,0.4,1.4857142857142858,0.34285714285714286,1.3142857142857143,0.9989354610443115,0.04612705111503601,0.0005743942456319928,0.0,0.0,0.0,0.0,0.0,0.0,0.0,0.0,0.0,0.0,0.0,0.0,0.0,0.0,0.0,0.0,0.0,1.5955396520439535e-05,0.0,0.0,0.0,0.0,0.0,0.0,0.0,0.0,0.0,0.0,0.0,-1.702095655599648,0.013986311123429213,0.026192606940742543,0.03263604664327023,2.761867193796198,7.005319071617642,9.90405850312555,10.829493577568714,21.210342167816645,14.484367729740493,21.79745865366132,ISIC_0014139.jpg
0.32727272727272727,1.9090909090909092,0.27272727272727276,1.581818181818182,0.27272727272727276,1.6363636363636365,0.9997895359992981,0.014426683075726032,0.0,0.0,0.0,0.0,0.0,0.0,0.0,0.0,0.0,0.0,0.0,0.0,0.0,0.0,0.0,0.0,0.0,0.0,0.0,0.014583665877580643,0.0,0.0,0.0,0.0,0.0,0.0,0.0,0.0,0.0,0.0,-1.8138678530902825,0.014701970631329784,0.007852748407295215,0.012853824535693592,3.0276985988588394,7.294205705203596,10.323089912244116,12.736758546184882,25.756977911129603,-17.0216644126806,24.26690996644766,ISIC_0014162.jpg
0.46153846153846156,2.175824175824176,0.32967032967032966,1.4505494505494505,0.26373626373626374,1.3186813186813187,0.999476432800293,0.03147832304239273,0.00019058521138504148,0.007242237683385611,0.0,0.0,0.0,0.0,0.0,0.0,0.0,0.0,0.0,0.0,0.0,0.0,0.0,0.0,0.0,0.0,0.0016358563443645835,0.0008258692105300725,0.0,0.0,0.0,0.0,0.0,0.0,0.0,0.0,0.0,0.0,-1.6567204459317662,0.016108087888587974,0.016480634534239032,0.023453591503902586,2.726766913845764,7.564567669462692,9.041135022062479,10.721420439658777,20.61195566634831,14.739209605154795,-21.292440869448097,ISIC_0014178.jpg
0.6617647058823529,1.8088235294117647,0.4852941176470588,1.3676470588235294,0.4411764705882353,1.2352941176470587,0.9961515069007874,0.08764810115098953,0.00019848597003147006,0.0,0.0,0.0,0.0,0.0,0.0,0.0,0.0,0.0,0.0,0.0,0.0,0.0,0.0,0.0,0.0,0.0,0.0,0.0,0.0,0.0,0.0,0.0,0.0,0.0,0.0,0.0,0.0,0.0,-1.6595824130364947,0.008899225702321741,0.027475377009461895,0.05472139044799943,2.743307184421953,6.612621266984512,9.652156443392826,11.054193752893532,21.8582138973284,14.773818337092044,-21.43646500141708,ISIC_0014211.jpg
1.2517985611510791,1.1798561151079137,0.935251798561151,0.9064748201438849,0.8776978417266187,0.8489208633093526,0.6911608576774597,0.7222758531570435,0.008915343321859837,0.0078064692206680775,6.65324114379473e-05,0.0,0.0,0.0,8.870987949194387e-05,0.0,0.0,0.0,0.0005322592915035784,0.0,2.2177469872985967e-05,0.0,0.00017741975898388773,0.0,0.0,0.0,0.0005100818234495819,0.021756097674369812,8.870987949194387e-05,2.2177469872985967e-05,0.0,0.0,0.0,0.0,0.0,0.0,0.0,0.0,-2.2228111934362103,0.007963855608284411,0.2255742039452492,0.3323516935121967,2.846418977925436,6.699835672978654,9.599758218072315,12.085727356586514,22.97586675111937,15.440133809134984,-23.28224109772832,ISIC_0014212.jpg
1.1411042944785275,1.50920245398773,0.8098159509202454,1.0674846625766872,0.6257668711656441,0.8466257668711656,0.9191159009933472,0.3503062129020691,0.0035035056062042713,0.1802753210067749,0.0,0.0,0.0,0.0,0.0,0.0,0.0,0.0,0.0,0.0,0.0,0.0,0.0,0.0,0.0,0.0,0.0,0.0,0.0,0.0,0.0,0.0,0.0,0.0,0.0,0.0,0.0,0.0,-2.1859388846584,0.008283104338376198,0.14445632101388198,0.20219915814151704,2.8301307843575056,7.475408775447571,9.860403859601282,12.010825439695838,-23.407201522134322,16.035395717917357,-22.974150789851606,ISIC_0014217.jpg
0.5526315789473685,2.2894736842105265,0.31578947368421056,1.5,0.2368421052631579,1.105263157894737,0.9994916319847107,0.015299572609364986,0.02031899057328701,0.019225016236305237,0.0,0.0,0.0,0.0,0.0,0.0,0.0,0.0,0.0,0.0,0.0,0.0,0.0,0.0,0.0,0.0,0.0,0.0,0.0,0.0,0.0,0.0,0.0,0.0,0.0,0.0,0.0,0.0,-1.6572287325081696,0.022177210661646476,0.01980029511054199,0.024001899745416104,2.5612857811684506,5.5655169891094385,9.095674739479493,10.033899312547955,19.72839088357811,13.163721587314166,19.772219631223336,ISIC_0014302.jpg
0.5046728971962617,2.1308411214953273,0.33644859813084116,1.5140186915887852,0.28037383177570097,1.2336448598130842,0.9987181425094604,0.05039580538868904,0.0,0.004727622028440237,0.0,0.0,0.0,0.0,0.0,0.0,0.0,0.0,0.0,0.0,0.0,0.0,0.0,0.0,0.0,0.0,0.0,0.0,0.0,0.0,0.0,0.0,0.0,0.0,0.0,0.0,0.0,0.0,-1.8379831718205812,0.017014045546007838,0.01743242220765527,0.023987060284401476,2.8168962134680573,6.495245064298582,10.984737289857296,12.499657485490513,-24.294527922890016,-15.752469762765479,24.575242217150386,ISIC_0014310.jpg
0.9024390243902439,1.6585365853658536,0.6585365853658537,1.1951219512195121,0.5609756097560976,1.024390243902439,0.9666569828987122,0.25495490431785583,0.008372965268790722,0.022404374554753304,0.0,0.0,0.0,0.0,0.0,0.0,0.0,0.0,0.0,0.0,0.0,0.0,0.0,0.0,0.0,0.0,0.0,0.0004205599252600223,0.0,0.0,0.0,0.0,0.0,0.0,0.0,0.0,0.0,0.0,-2.1376407851881125,0.010289550104243666,0.09502605871500593,0.11703108489271219,2.798264548185339,6.371669334406557,9.954693190803683,11.775921999787098,22.745437355992742,15.245217478253007,22.850680888513423,ISIC_0014382.jpg
0.46153846153846156,2.10989010989011,0.32967032967032966,1.5164835164835166,0.26373626373626374,1.3186813186813187,0.999565601348877,0.027004104107618332,0.006317400839179754,0.009977355599403381,0.0,0.0,0.0,0.0,0.0,0.0,0.0,0.0,0.0,0.0,0.0,0.0,0.0,0.0,0.0,0.0,0.0,0.0,0.0,0.0,0.0,0.0,0.0,0.0,0.0,0.0,0.0,0.0,-1.7952353356053348,0.022206892640663018,0.018281226370913367,0.0214644385584337,2.715857356842825,6.294486018176218,11.444305959413212,11.387146554715287,22.90011591741087,14.61202786664811,-23.0241306553983,ISIC_0014428.jpg
0.8307692307692308,1.7846153846153847,0.5846153846153846,1.2615384615384615,0.49230769230769234,1.0461538461538462,0.9846073389053345,0.17350387573242188,0.00990674551576376,0.018618160858750343,0.0,0.0,0.0,0.0,0.0,0.0,0.0,0.0,0.0,0.0,0.0,0.0,0.0,0.0,0.0,0.0,0.00028977682814002037,0.0,0.0,0.0,0.0,0.0,0.0,0.0,0.0,0.0,0.0,0.0,-2.0420666344525746,0.011775788818360706,0.06788721702369047,0.08850521497580904,2.731645981138804,6.116115199441049,9.361585850453142,10.795192692915274,21.204321188335953,14.151717815413754,20.926987657253488,ISIC_0014558.jpg
0.6282722513089005,1.8848167539267016,0.4712041884816754,1.4764397905759163,0.3769633507853403,1.162303664921466,0.9950134754180908,0.09928744286298752,0.0,0.009499256499111652,0.0,0.0,0.0,0.0,0.0,0.0,0.0,0.0,0.0,0.0,0.0,0.0,0.0,0.0,0.0,0.0,0.0,0.0,0.0,0.0,0.0,0.0,0.0,0.0,0.0,0.0,0.0,0.0,-1.9981755692469199,0.008845122393628828,0.03223397535891099,0.04599637814615472,2.952794484587858,6.970616281004312,11.201446499040383,11.513711649967895,23.05084390122304,15.139230970760238,22.996196640305044,ISIC_0014568.jpg
0.5510204081632654,2.3265306122448983,0.3673469387755102,1.469387755102041,0.2448979591836735,1.0408163265306123,0.9986855983734131,0.007497104816138744,0.004501501563936472,0.050504256039857864,0.0,0.0,0.0,0.0,0.0,0.0,0.0,0.0,0.0,0.0,0.0,0.0,0.0,0.0,0.0,0.0,0.0,0.0,0.0,0.0,0.0,0.0,0.0,0.0,0.0,0.0,0.0,0.0,-1.8198087570005759,0.019254445788871883,0.022498807592189363,0.027049857359752898,2.7231651916199135,6.589431161373285,9.943813253219519,11.433844650387945,-22.14591209918403,-14.728640432176567,-22.61946237896651,ISIC_0014572.jpg
0.22641509433962262,2.2641509433962264,0.22641509433962262,1.811320754716981,0.11320754716981131,1.3584905660377358,0.9999032020568848,0.013911185786128044,1.5474066458409652e-05,0.00027853320352733135,0.0,0.0,0.0,0.0,0.0,0.0,0.0,0.0,0.0,0.0,0.0,0.0,0.0,0.0,0.0,0.0,0.0,0.0,0.0,0.0,0.0,0.0,0.0,0.0,0.0,0.0,0.0,0.0,-1.474529591448291,0.02459115066888384,0.005269989584821902,0.006407021292647471,2.8427534093753484,6.516499302745107,10.631270906484477,12.388549181342809,24.0509418387997,-16.36527200212558,24.047024276364404,ISIC_0014597.jpg
0.7317073170731707,1.7804878048780488,0.5853658536585366,1.3902439024390243,0.43902439024390244,1.0731707317073171,0.9886940717697144,0.14782819151878357,0.0,0.025116611272096634,0.0,0.0,0.0,0.0,0.0,0.0,0.0,0.0,0.0,0.0,0.0,0.0,0.0,0.0,0.0,0.0,0.0,0.0,0.0,0.0,0.0,0.0,0.0,0.0,0.0,0.0,0.0,0.0,-2.169910683562483,0.008886706292571466,0.054708414603325546,0.07131168406997358,2.930863975670748,6.790902377137558,10.652620848965674,11.968026739864564,-23.340750698834004,-15.86683786446502,-23.579588273620992,ISIC_0014601.jpg
0.7951807228915663,1.783132530120482,0.6265060240963856,1.3975903614457832,0.43373493975903615,0.963855421686747,0.9889626502990723,0.13263410329818726,0.0006527447258122265,0.06603600829839706,0.0,0.0,0.0,0.0,0.0,0.0,0.0,0.0,0.0,0.0,0.0,0.0,0.0,0.0,0.0,0.0,0.0,0.0,0.0,0.0,0.0,0.0,0.0,0.0,0.0,0.0,0.0,0.0,-2.2279004036448913,0.009983854577631486,0.060044082022621126,0.0812291745199833,2.8933424649893618,6.862984962471083,9.42792662640431,10.994325122806517,-21.281584985640592,-14.430612941457715,21.46999477385769,ISIC_0014608.jpg
0.39560439560439564,2.0439560439560442,0.32967032967032966,1.6483516483516485,0.26373626373626374,1.3186813186813187,0.9994803071022034,0.03220873698592186,0.00014195818221196532,0.0009463879396207631,0.0,0.0,0.0,0.0,0.0,0.0,0.0,0.0,0.0,0.0,0.0,0.0,0.0,0.0,0.0,0.0,0.0009306147694587708,0.0,0.0,0.0,0.0,0.0,0.0,0.0,0.0,0.0,0.0,0.0,-1.7987088138462024,0.020569000112198414,0.014942240968304725,0.018476153977783783,2.7717795117855113,6.335071464879752,9.364456294525542,10.888974791720607,21.447273431083737,14.37933136212478,-21.04769392671594,ISIC_0014610.jpg
0.8301886792452831,1.6226415094339623,0.660377358490566,1.3018867924528301,0.5283018867924528,1.0566037735849056,0.9743263721466064,0.22497251629829407,0.0049353102222085,0.007153427228331566,0.0,0.0,0.0,0.0,0.0,0.0,0.0,0.0,0.0,0.0,0.0,0.0,0.0,0.0,0.0,0.0,0.0,0.0,0.0,0.0,0.0,0.0,0.0,0.0,0.0,0.0,0.0,0.0,-2.316933514140406,0.00858894926680591,0.07603092944629564,0.10536275509530847,2.926454994719731,6.703703789343691,11.079748827425718,11.5030827971927,-22.82636597434704,15.029639334100327,-23.226941546602035,ISIC_0014611.jpg
0.45161290322580644,2.129032258064516,0.3225806451612903,1.6129032258064515,0.25806451612903225,1.2258064516129032,0.9994540214538574,0.03222664073109627,0.0004123487451579422,0.007279541343450546,0.0,0.0,0.0,0.0,0.0,0.0,0.0,0.0,0.0,0.0,0.0,0.0,0.0,0.0,0.0,0.0,0.0,0.0,0.0,0.0,0.0,0.0,0.0,0.0,0.0,0.0,0.0,0.0,-1.7410366387885936,0.017314779505529523,0.014406135427756777,0.017526076389309097,2.849184102409249,6.935535339678688,10.8266598415037,12.031954734673688,-23.82015597884934,-16.02102731710326,23.507427140069048,ISIC_0014616.jpg
0.45283018867924524,2.094339622641509,0.33962264150943394,1.5849056603773584,0.2830188679245283,1.2452830188679245,0.9990772604942322,0.04273640736937523,0.00015964292106218636,0.004262465983629227,0.0,0.0,0.0,0.0,0.0,0.0,0.0,0.0,0.0,0.0,0.0,0.0,0.0,0.0,0.0,0.0,0.0,0.0,0.0,0.0,0.0,0.0,0.0,0.0,0.0,0.0,0.0,0.0,-1.7977710362954265,0.015410580960719372,0.017028062870371025,0.02061243252123608,2.8353465327389427,6.681574976809344,9.629927508213951,11.618118706812401,22.242278958602856,14.99173299857228,-23.841998695580234,ISIC_0014618.jpg
0.5294117647058824,1.9058823529411766,0.4235294117647059,1.5176470588235296,0.35294117647058826,1.2705882352941178,0.9971126317977905,0.07589937001466751,0.0,0.0023959586396813393,0.0,0.0,0.0,0.0,0.0,0.0,0.0,0.0,0.0,0.0,0.0,0.0,0.0,0.0,0.0,0.0,0.0,8.205337508115917e-05,0.0,0.0,0.0,0.0,0.0,0.0,0.0,0.0,0.0,0.0,-2.0002907628581794,0.010638837411952803,0.02238378223918283,0.0336670161954849,2.9674584634367642,6.935821094992432,10.62912572534127,12.214064221344879,23.72467799705761,-16.31113571138049,23.872286463628324,ISIC_0014620.jpg
1.0909090909090908,1.3566433566433567,0.8531468531468531,1.0769230769230769,0.7132867132867133,0.9090909090909091,0.8458287715911865,0.5329345464706421,0.0023159878328442574,0.023417210206389427,0.0,0.0,0.0,0.0,0.0,0.0,0.0,0.0,0.0,0.0,0.0,0.0,0.0,0.0,0.0,0.0,0.0,0.0008792175794951618,0.0,0.0,0.0,0.0,0.0,0.0,0.0,0.0,0.0,0.0,-2.386163874209974,0.008003604169803549,0.1424225170268244,0.22392147272072593,2.8994819460143,6.477198055885364,10.781102318048358,11.094371020548458,22.19795597163953,14.36679225753224,22.16830107914662,ISIC_0014623.jpg
0.6617647058823529,1.9852941176470587,0.4411764705882353,1.4117647058823528,0.3529411764705882,1.1470588235294117,0.9981152415275574,0.05711335688829422,0.018064608797430992,0.01332036778330803,0.0,0.0,0.0,0.0,0.0,0.0,0.0,0.0,0.0,0.0,0.0,0.0,0.0,0.0,0.0,0.0,0.0005142358713783324,0.0,0.0,0.0,0.0,0.0,0.0,0.0,0.0,0.0,0.0,0.0,-2.1120606302146547,0.023375436740431486,0.04083936544111372,0.04975085354359567,2.5760757735480944,5.488208101293235,9.055927888941198,9.73254323512246,19.14573621735607,12.489115630257908,-19.665676091856675,ISIC_0014624.jpg
0.34285714285714286,2.2285714285714286,0.2571428571428572,1.6285714285714286,0.17142857142857143,1.3714285714285714,0.999810516834259,0.019172227010130882,1.5599858670611866e-05,0.0033539696596562862,0.0,0.0,0.0,0.0,0.0,0.0,0.0,0.0,0.0,0.0,0.0,0.0,0.0,0.0,0.0,0.0,0.0,0.0,0.0,0.0,0.0,0.0,0.0,0.0,0.0,0.0,0.0,0.0,-1.6684889799590759,0.023435021424581995,0.008528783144150346,0.010102283552844525,2.8192152005794484,6.26375137553588,10.150122099937494,11.516707553437588,-22.627544435720296,-14.676832112436006,-22.42106806936775,ISIC_0014633.jpg
0.6290322580645161,1.6209677419354838,0.532258064516129,1.379032258064516,0.5080645161290323,1.3306451612903225,0.9918404221534729,0.1262761354446411,0.0,0.0,0.0,0.0,0.0,0.0,0.0,0.0,0.0,0.0,0.0,0.0,0.0,0.0,0.0,0.0,0.0,0.0,3.46579217875842e-05,0.017519580200314522,0.0,0.0,0.0,0.0,0.0,0.0,0.0,0.0,0.0,0.0,-2.2191921631290388,0.01014300008603677,0.034815028290296,0.060254556972133944,2.873284354602848,6.048698603362795,10.064458603878695,10.679721688900074,21.05184518267531,13.7066855035206,-22.958674769248944,ISIC_0014635.jpg
0.4647887323943662,1.9014084507042253,0.38028169014084506,1.4788732394366197,0.3380281690140845,1.436619718309859,0.9984543919563293,0.054854609072208405,0.0,0.0,0.0,0.0,0.0,0.0,0.0,0.0,0.0,0.0,0.0,0.0,0.0,0.0,0.0,0.0,0.0,0.0,9.72599518718198e-05,0.008931704796850681,0.0,0.0,0.0,0.0,0.0,0.0,0.0,0.0,0.0,0.0,-1.9951337279434085,0.015159266704655259,0.023558030646538924,0.027716093648293416,2.898201484952919,6.694609308025341,10.009084744175398,11.148957697083977,21.73011964338774,14.919867485126654,-22.73214505020061,ISIC_0014637.jpg
1.8715596330275228,0.8807339449541284,1.2660550458715596,0.6330275229357798,0.8532110091743119,0.4954128440366972,0.25951912999153137,0.39297205209732056,0.1809350848197937,0.8634136319160461,0.0,0.0,0.0,0.0,0.0,0.0,0.0,0.0,5.1836439524777234e-05,0.0,0.001477338490076363,0.0,2.5918219762388617e-05,0.0,2.5918219762388617e-05,0.0,0.0,0.0,0.0001555093185743317,0.0,0.0,0.0,0.0,0.0,0.0,0.0,0.0,0.0,-2.466076443590834,0.02641962048008034,0.5817393770016182,0.8400567687444394,2.795610320169997,8.419659722013957,10.134834129660064,12.06110003780758,24.509925622622657,16.274031913428956,-23.159499107098956,ISIC_0014688.jpg
1.3170731707317072,0.9977827050997782,1.0776053215077606,0.7982261640798226,1.0509977827050998,0.7583148558758315,0.7789766788482666,0.5803456902503967,0.006391662638634443,0.0,0.00034549529664218426,0.0,0.0,0.0,0.0035989091265946627,0.0,0.004289899952709675,0.0,0.14510801434516907,0.0008637381833977997,0.07071136683225632,0.0,0.07359049469232559,0.000806155672762543,0.0,0.0,0.12219016253948212,0.09958901256322861,5.758254701504484e-05,0.0,0.0,0.0,0.0,0.0,0.0,0.0,0.0,0.0,-2.3379508921363987,0.011791640183262,0.46710140431636765,0.7980571535650344,2.711159069575657,6.847592756751967,9.65152025708633,10.10897893142947,20.029765421675833,13.549572930439615,-20.373633669395105,ISIC_0014712.jpg
0.9421487603305785,2.1818181818181817,0.44628099173553715,1.140495867768595,0.3471074380165289,0.9421487603305785,0.9900646805763245,0.025455420836806297,0.1317778080701828,0.041763655841350555,0.0,0.0,0.0,0.0,0.0,0.0,0.0,0.0,0.0,0.0,0.0,0.0,0.00043731575715355575,0.0,7.288595952559263e-05,0.0,0.0009292959584854543,0.0,0.0036625193897634745,0.0,0.0,0.0,0.0,0.0,0.0,0.0,0.0,0.0,-1.9412604721117457,0.02343516588025756,0.06472952143061429,0.08337940184551365,2.421119781265042,6.065828003006883,9.355419888734096,9.672380438555033,19.608495409114145,13.432441254670536,19.21980974924138,ISIC_0014809.jpg
0.7777777777777778,2.4444444444444446,0.3888888888888889,1.2777777777777777,0.2222222222222222,0.8888888888888888,0.9970259666442871,0.004237797576934099,0.029950466006994247,0.07088220864534378,0.0,0.0,0.0,0.0,0.0,0.0,0.0,0.0,0.0,0.0,0.0,0.0,0.0,0.0,0.0,0.0,0.0,0.0,0.0,0.0,0.0,0.0,0.0,0.0,0.0,0.0,0.0,0.0,-1.8977542337032294,0.02175710559525104,0.03690613616759851,0.044619369853056805,2.480038042140531,5.417541018784736,8.841680447439737,9.078920811250452,18.067172441944436,11.845001910174448,18.49822552468733,ISIC_0014829.jpg
1.4878048780487805,1.1585365853658536,0.975609756097561,0.7804878048780488,0.8780487804878049,0.7195121951219512,0.545430064201355,0.834999144077301,0.024535542353987694,0.06798107177019119,0.0,0.0,0.0,0.0,0.0,0.0,0.0,0.0,0.0,0.0,0.0,0.0,0.0,0.0,0.0,0.0,0.0,0.007681476883590221,0.0,0.0,0.0,0.0,0.0,0.0,0.0,0.0,0.0,0.0,-2.378025407397156,0.009948385597872839,0.2957990424879243,0.44271267200785935,2.89751186335533,6.874681923558632,10.082798902365989,12.294521500489367,-23.496378658800477,-16.43283760093994,-24.09788702218904,ISIC_0014857.jpg
1.3700787401574803,2.3622047244094486,0.42519685039370075,0.8976377952755905,0.28346456692913385,0.6614173228346456,0.9569697976112366,0.00032373808789998293,0.274448961019516,0.09426848590373993,0.0,0.0,0.0,0.0,0.0,0.0,0.0,0.0,0.0,0.0,0.0,0.0,0.0,0.0,0.0,0.0,0.0,0.0,2.0233630493748933e-05,0.0,0.0,0.0,0.0,0.0,0.0,0.0,0.0,0.0,-1.9254789324153492,0.025053175433485775,0.10838193552164714,0.14433683478992082,2.2550020854071993,5.838266893461018,7.602417114239966,9.031465811600581,17.451200969757185,12.38299183749186,-17.560174283093076,ISIC_0014931.jpg
1.598360655737705,0.9959016393442623,1.0942622950819674,0.7622950819672132,0.8852459016393444,0.6639344262295083,0.47181111574172974,0.7652603983879089,0.16960549354553223,0.4035450518131256,0.0,0.00011154586536576971,0.0,0.0,0.0,0.0,0.0,0.0,0.0,0.0,0.0,0.0,0.0006135022849775851,2.788646634144243e-05,0.0,0.0,0.011963293887674809,0.0032906029373407364,0.0013385503552854061,0.0,0.0,0.0,0.0,0.0,0.0,0.0,0.0,0.0,-2.5774134024161564,0.01938504256747398,0.42946073111608957,0.638595333274179,2.7958591959528976,7.691726420557439,10.939526685449698,10.886729687785559,-21.79986876314282,-14.849128902510971,23.949751669992548,ISIC_0014937.jpg
0.45454545454545453,2.090909090909091,0.2727272727272727,1.5454545454545454,0.2727272727272727,1.3636363636363635,0.9995814561843872,0.01541418768465519,0.02441110648214817,0.0,0.00020700872119050473,0.0,0.0007324924226850271,0.0,9.554249118082225e-05,0.0,0.00036624621134251356,0.0,0.001242052298039198,0.0,0.0010191198671236634,0.0,6.369499169522896e-05,0.0,6.369499169522896e-05,0.0,0.0003503224579617381,0.0,3.184749584761448e-05,0.0,0.0,0.0,0.0,0.0,0.0,0.0,0.0,0.0,-1.6989617547914069,0.032497268623687625,0.020822135664270155,0.025848032145613275,2.4160689760801373,6.4871483451863154,9.389800888693468,8.950966915599391,-18.68488035777674,12.31854989245609,18.138194217931925,ISIC_0014945.jpg
0.9823008849557523,1.672566371681416,0.6371681415929203,1.1415929203539823,0.5575221238938054,1.008849557522124,0.9760656952857971,0.17469871044158936,0.12001709640026093,0.026125887408852577,0.0,0.0,6.230339204194024e-05,0.0,0.0,0.0,0.0,0.0,2.0767796740983613e-05,0.0,0.0002699813630897552,0.0,0.0012460678117349744,0.0,0.0032397762406617403,0.0,0.02313532494008541,0.0024506000336259604,0.03370613232254982,0.0,0.0,0.0,0.0,0.0,0.0,0.0,0.0,0.0,-2.2611084965068815,0.017372192493176543,0.12741556542398597,0.17109209832949235,2.5498893737716606,5.7045058128541895,9.007383373843233,8.729998944951783,17.599930091173395,11.59478964805052,-18.720978425325256,ISIC_0014946.jpg
1.6076555023923444,1.507177033492823,0.8181818181818181,0.7751196172248803,0.6459330143540669,0.6459330143540669,0.6766490936279297,0.05207397788763046,4.4660358980763704e-05,0.7344619631767273,0.0,0.0,0.0,0.0,0.0,0.0,0.0,0.0,0.0,0.0,0.0,0.0,0.0,0.0,0.0,0.0,0.0,0.00020097161177545786,0.0,0.0,0.0,0.0,0.0,0.0,0.0,0.0,0.0,0.0,-2.1130361924422054,0.0061367454846061155,0.21366521491221022,0.33763347977144387,2.7968664655239746,6.502390749245951,9.515439939407903,11.815645095608899,-23.575106667813593,-15.073252455009328,-22.48260122129062,ISIC_0014979.jpg
1.4750830564784054,1.255813953488372,0.877076411960133,0.8172757475083057,0.8172757475083057,0.7574750830564785,0.9092771410942078,0.31029921770095825,0.2412351667881012,0.0400957316160202,0.0,0.0,0.0,0.0,0.0,0.0,0.0,0.0,0.0,0.0,0.0,0.0,2.6430938305566087e-05,0.0,0.00013215468788985163,0.0,0.042183779180049896,0.09113387763500214,0.08251739293336868,0.015277082100510597,0.0,0.0,0.0,0.0,0.0,0.0,0.0,0.0,-2.1153021815537896,0.013195738790309875,0.2773091541392637,0.393003817662231,2.645368667131324,6.783389156493543,9.343676503620838,10.185891706498667,-20.01916070820576,13.632612523433142,-20.234598798402747,ISIC_0014985.jpg
0.9557522123893806,1.752212389380531,0.6106194690265487,1.168141592920354,0.504424778761062,1.008849557522124,0.9784097075462341,0.14957138895988464,0.13672195374965668,0.04062014818191528,0.0,0.0,0.0,0.0,0.0,0.0,0.0,0.0,0.0,0.0,0.0,0.0,0.0,0.0,0.0,0.0,0.00013945122191216797,0.00011952962086070329,0.0,0.0,0.0,0.0,0.0,0.0,0.0,0.0,0.0,0.0,-2.3064873129607375,0.0181307825842541,0.10690470868651653,0.13152622105070735,2.605025020759433,5.763223724454024,10.374886081478998,9.881469136133061,20.124850064553403,12.897699063122964,20.202352390727455,ISIC_0014989.jpg
1.0381231671554252,1.4956011730205279,0.7565982404692082,1.1085043988269794,0.6334310850439883,0.9677419354838709,0.9238194227218628,0.3742797076702118,0.07333772629499435,0.03306630626320839,0.0,0.0,0.0,0.0,0.0,0.0,0.0,0.0,0.0,0.0,0.0,0.0,0.0,0.0,0.0,0.0,0.0,0.0007505322573706508,8.577511471230537e-05,0.0,0.0,0.0,0.0,0.0,0.0,0.0,0.0,0.0,-2.395118379823,0.011633911367460613,0.139666590824407,0.18760715437383754,2.795841537551477,6.368955474808603,10.227789155476007,11.123053237671272,-21.845681568267413,-14.319906089644403,22.153023898072327,ISIC_0015043.jpg
1.588235294117647,0.7466063348416289,1.2081447963800904,0.6108597285067873,1.2217194570135745,0.6244343891402715,0.3023349642753601,0.4945063889026642,0.23957274854183197,0.014755001291632652,0.0002851207973435521,0.0,0.0002851207973435521,0.0,7.128019933588803e-05,0.0,0.0,0.0,0.02181174047291279,0.003991691395640373,0.0027442877180874348,0.0,0.12923100590705872,0.047009292989969254,0.003635290078818798,0.0,0.6269093751907349,0.4404047131538391,0.006914179306477308,0.0012474034447222948,0.0,0.0,0.0,0.0,0.0,0.0,0.0,0.0,-2.4830153481698622,0.030056672505906937,0.6919060511735997,1.4188319199335384,2.7734962132167102,7.806483207805542,10.282281813947648,9.942027764324918,-20.221204023819737,-13.908234667623615,-20.189357663966923,ISIC_0015062.jpg
1.196629213483146,1.4831460674157302,0.7752808988764045,1.044943820224719,0.6067415730337078,0.8932584269662921,0.9157522320747375,0.23005148768424988,0.1241016536951065,0.30506616830825806,0.0,0.0,0.0,0.0,0.0,0.0,0.0,0.0,0.0,0.0,0.0,0.0,0.0,0.0,0.0,0.0,0.0,0.0027444399893283844,0.0,0.0,0.0,0.0,0.0,0.0,0.0,0.0,0.0,0.0,-2.5276162002398395,0.01588132856376938,0.1937221897148069,0.2404896417368356,2.7612984155452214,6.741117410747154,10.315217197531458,10.31396645141018,-20.656673016391377,-14.002377179462233,-21.08637411438264,ISIC_0015124.jpg
0.6734693877551021,2.0816326530612246,0.4285714285714286,1.4081632653061225,0.30612244897959184,1.1020408163265307,0.9961777925491333,0.02762455865740776,0.08280592411756516,0.0031333803199231625,0.0,0.0,0.0,0.0,0.0,0.0,0.0,0.0,0.0,0.0,0.0,0.0,0.0,0.0,0.0,0.0,0.0001016231399262324,0.0,0.0001524347171653062,0.0,0.0,0.0,0.0,0.0,0.0,0.0,0.0,0.0,-1.977608041363473,0.0332534057629619,0.041490898756111665,0.049751070569285336,2.3972925905625133,5.2986621954736135,9.185851404547652,9.627489937336088,20.060455259273922,-12.859381044162552,19.036093003593127,ISIC_0015144.jpg
1.0921052631578947,1.236842105263158,0.8421052631578947,1.0789473684210527,0.7763157894736842,0.9736842105263158,0.8274477124214172,0.5379726886749268,0.03690654784440994,0.015113646164536476,0.0,0.0,0.0,0.0,0.0,0.0,0.0,0.0,0.0,0.0,0.0,0.0,0.0004875369486398995,0.0001950147852767259,0.0018526404164731503,0.0,0.01567431353032589,0.0068498943001031876,0.15501238405704498,4.875369631918147e-05,0.0,0.0,0.0,0.0,0.0,0.0,0.0,0.0,-2.6022329295706332,0.01250199143413498,0.2383261337678664,0.2933389441805123,2.7864522852167872,6.382317463621208,10.196581590673,10.367822204019419,20.81065352681288,13.641152870155546,20.79087489503501,ISIC_0015211.jpg
1.5665796344647518,1.1592689295039165,0.9399477806788511,0.7519582245430809,0.8459530026109661,0.7362924281984334,0.6419355869293213,0.6407983899116516,0.3471677303314209,0.1979583203792572,0.0,0.0,0.0,0.0,0.0,0.0,0.0,0.0,0.0,0.0,0.0,0.0,0.0,0.0,0.0,0.0,0.00020947970915585756,0.13260065019130707,2.9925671697128564e-05,0.000508736411575228,0.0,0.0,0.0,0.0,0.0,0.0,0.0,0.0,-2.309150314149683,0.014694290027745992,0.342633529771349,0.4972454828920872,2.7359943602984154,6.746470903182638,9.566034080575621,10.883847887947452,-23.17972590772375,14.287486794846796,-21.10880453596495,ISIC_0015243.jpg
2.016597510373444,0.9336099585062241,1.058091286307054,0.5975103734439834,0.8464730290456433,0.5477178423236515,0.22160789370536804,0.2543683350086212,0.15055567026138306,0.9292575716972351,0.0,0.0,0.0,0.0,0.0,0.0,0.0,0.0,0.0,0.0,0.0,0.0,0.0,0.0,0.0,0.0,0.0,0.0,0.0,0.0,0.0,0.0,0.0,0.0,0.0,0.0,0.0,0.0,-2.2785464745590427,0.013902037710096002,0.4633786332751921,0.863454603530456,2.8061285071911133,7.334465536826245,9.837014639634004,10.382521533038934,21.082328272123096,-14.05468986856465,-20.50712956978628,ISIC_0015256.jpg
1.4021052631578947,1.0989473684210527,1.0357894736842104,0.8842105263157894,0.8084210526315789,0.7705263157894736,0.637301504611969,0.692209005355835,0.14142341911792755,0.3077208399772644,0.0,0.0,0.0,0.0,0.0,0.0,0.0,0.0,0.0,0.0,0.0,0.0,0.0,8.146509935613722e-05,0.0,0.0,0.0,0.0008961161365732551,0.0,0.0,0.0,0.0,0.0,0.0,0.0,0.0,0.0,0.0,-2.5558547956729214,0.014628206676543276,0.3489172321321117,0.4525990711469633,2.835395385620889,7.3430516990367165,10.94409711256092,10.717072583630724,21.54894463095143,14.412149061616915,-22.661854986446304,ISIC_0015313.jpg
1.560693641618497,1.0578034682080926,0.953757225433526,0.8323699421965318,0.8670520231213873,0.7283236994219654,0.612546443939209,0.48534736037254333,0.4007038474082947,0.06884383410215378,0.0,0.0,0.0,0.0,0.0,0.0,0.0,0.0,0.0,0.0,0.0,0.0,0.0062129804864525795,0.0,0.021043965592980385,0.0,0.13688598573207855,0.00511067733168602,0.45241186022758484,0.0,0.0,0.0,0.0,0.0,0.0,0.0,0.0,0.0,-2.273721589025024,0.015968577491526307,0.41353886084985186,0.7195435041914386,2.6263137552386335,6.3942357838263755,11.421043548732275,9.387380247519161,19.79272724926256,-12.709990365563245,20.933018854132737,ISIC_0015372.jpg
0.8719723183391004,1.619377162629758,0.643598615916955,1.245674740484429,0.5605536332179931,1.0588235294117647,0.9693406820297241,0.2445138841867447,0.01854061149060726,0.0016472029965370893,0.0,0.0,0.0,0.0,0.0,0.0,0.0,0.0,0.0,0.0,0.0,0.0,0.00011492114572320133,0.0,0.0008810620638541877,0.0,0.0054970611818134785,7.661409472348168e-05,0.014633292332291603,0.0,0.0,0.0,0.0,0.0,0.0,0.0,0.0,0.0,-2.239860329007972,0.009144017302011401,0.08611606853551947,0.1210905033557127,2.8892494047903723,7.55240414876494,10.003976548886511,10.41960241866777,-20.979299713670205,-14.198088350484912,-20.68024300313027,ISIC_0015401.jpg
1.1566265060240963,1.6144578313253013,0.7469879518072289,1.0843373493975903,0.5542168674698795,0.8433734939759037,0.9539989233016968,0.20447121560573578,0.10701504349708557,0.19137775897979736,0.0,0.0,0.0,0.0,0.0,0.0,0.0,0.0,0.0,0.0,0.0,0.0,0.0,0.0,0.0,0.0,0.0,0.0,0.0,0.0,0.0,0.0,0.0,0.0,0.0,0.0,0.0,0.0,-2.111086065459356,0.011290324602882724,0.12868964821801127,0.18679924955748756,2.6808599719112114,6.325424471075819,12.062126237507087,11.770155930901032,-23.68632731322145,-14.933842527944645,25.61398150724568,ISIC_0015443.jpg
1.2074303405572755,1.541795665634675,0.7244582043343653,0.9845201238390092,0.6501547987616099,0.891640866873065,0.9023967981338501,0.3971715569496155,0.1610361933708191,0.04369954764842987,0.0,0.0,0.0,0.0,0.0,0.0,0.0,0.0,0.0,0.0,0.0,0.0,0.0,0.0,0.0,0.0,0.005360911134630442,0.005221666768193245,0.0060339258052408695,0.0,0.0,0.0,0.0,0.0,0.0,0.0,0.0,0.0,-2.20461666234875,0.009433716594911401,0.1498374079702636,0.23841207809184348,2.4830635672327976,5.569285382515377,7.845229803632245,8.73956650715661,-17.177638084461293,-11.629064325597462,-17.187431651979736,ISIC_0015445.jpg
0.9565217391304348,1.5217391304347827,0.717391304347826,1.1521739130434783,0.6304347826086957,1.0217391304347827,0.9666609764099121,0.253907710313797,0.03311256691813469,0.0007660512928850949,0.0,0.0,0.0,0.0,0.0,0.0,0.0,0.0,0.0,0.0,0.0,0.0,0.0,0.0,0.0,0.0,0.0006128410459496081,3.8302565371850505e-05,0.0,0.0,0.0,0.0,0.0,0.0,0.0,0.0,0.0,0.0,-2.249818442277988,0.011832214287669781,0.1256443902937194,0.1624191113118946,2.765154155842981,7.663488740025164,10.183466549368895,12.00190219977305,23.49205782198891,15.97711302933562,23.132536333972713,ISIC_0015483.jpg
1.0588235294117647,1.7647058823529411,0.6274509803921569,1.1176470588235294,0.49019607843137253,0.9411764705882353,0.9666107296943665,0.12265461683273315,0.12398038059473038,0.1877453774213791,0.0,0.0,0.0,0.0,0.0,0.0,0.0,0.0,0.0,0.0,0.0,0.0,0.0,0.0,0.0,0.0,0.0,0.0,0.00038489940925501287,0.0,0.0,0.0,0.0,0.0,0.0,0.0,0.0,0.0,-2.4257934123636113,0.013685519821066144,0.12827406902770574,0.16391563901025566,2.658958846580943,6.1234590384246985,10.335996729359376,11.550690324563863,-22.49464789469985,-14.620849564786653,-23.768618504502264,ISIC_0015496.jpg
0.918918918918919,2.6486486486486487,0.3783783783783784,1.135135135135135,0.21621621621621623,0.7027027027027027,0.9943576455116272,0.0,0.029686421155929565,0.10184091329574585,0.0,0.0,0.0,0.0,0.0,0.0,0.0,0.0,0.0,0.0,0.0,0.0,0.0,0.0,0.0,0.0,0.0,0.0,0.0,0.0,0.0,0.0,0.0,0.0,0.0,0.0,0.0,0.0,-1.7670168743397403,0.016312353462841173,0.04423120616388632,0.0550644314168789,2.4854254040840282,5.950918040431738,9.002613309295105,10.407183054937725,-20.305126265742008,13.387866103882724,20.227047359911808,ISIC_0015627.jpg
